"region","species_name","cuid","cu_name_pse","cosewic_status","cosewic_status_yr","cosewic_source","wsp_status","wsp_status_yr","wsp_source","province_status","province_status_yr","province_source"
"Skeena","Chinook",205,"Ecstall","-989898","-989898","-989898","-989898","-989898","-989898","-989898","-989898","-989898"
"Skeena","Chinook",206,"Kalum-Early","-989898","-989898","-989898","-989898","-989898","-989898","-989898","-989898","-989898"
"Skeena","Chinook",207,"Kalum-Late","-989898","-989898","-989898","-989898","-989898","-989898","-989898","-989898","-989898"
"Skeena","Chinook",210,"Lower Skeena","-989898","-989898","-989898","-989898","-989898","-989898","-989898","-989898","-989898"
"Skeena","Chinook",212,"Upper Skeena","-989898","-989898","-989898","-989898","-989898","-989898","-989898","-989898","-989898"
"Skeena","Chinook",217,"Middle Skeena-Mainstem Tributaries","-989898","-989898","-989898","-989898","-989898","-989898","-989898","-989898","-989898"
"Skeena","Chinook",221,"Upper Bulkley River","-989898","-989898","-989898","-989898","-989898","-989898","-989898","-989898","-989898"
"Skeena","Chinook",222,"Middle Skeena-Large Lakes","-989898","-989898","-989898","-989898","-989898","-989898","-989898","-989898","-989898"
"Skeena","Chinook",224,"Skeena Estuary","-989898","-989898","-989898","-989898","-989898","-989898","-989898","-989898","-989898"
"Skeena","Chinook",227,"Lakelse","-989898","-989898","-989898","-989898","-989898","-989898","-989898","-989898","-989898"
"Skeena","Chinook",229,"Zymoetz","-989898","-989898","-989898","-989898","-989898","-989898","-989898","-989898","-989898"
"Skeena","Chum",211,"Lower Skeena","-989898","-989898","-989898","-989898","-989898","-989898","-989898","-989898","-989898"
"Skeena","Chum",214,"Middle Skeena","-989898","-989898","-989898","-989898","-989898","-989898","-989898","-989898","-989898"
"Skeena","Chum",220,"Skeena Estuary","-989898","-989898","-989898","-989898","-989898","-989898","-989898","-989898","-989898"
"Skeena","Chum",242,"Upper Skeena","-989898","-989898","-989898","-989898","-989898","-989898","-989898","-989898","-989898"
"Skeena","Coho",202,"Lower Skeena","-989898","-989898","-989898","-989898","-989898","-989898","-989898","-989898","-989898"
"Skeena","Coho",215,"Middle Skeena","-989898","-989898","-989898","-989898","-989898","-989898","-989898","-989898","-989898"
"Skeena","Coho",225,"Skeena Estuary","-989898","-989898","-989898","-989898","-989898","-989898","-989898","-989898","-989898"
"Skeena","Coho",231,"Upper Skeena","-989898","-989898","-989898","-989898","-989898","-989898","-989898","-989898","-989898"
"Skeena","Lake sockeye",171,"Alastair","-989898","-989898","-989898","-989898","-989898","-989898","-989898","-989898","-989898"
"Skeena","Lake sockeye",174,"Ecstall/Lower","-989898","-989898","-989898","-989898","-989898","-989898","-989898","-989898","-989898"
"Skeena","Lake sockeye",175,"Johnston","-989898","-989898","-989898","-989898","-989898","-989898","-989898","-989898","-989898"
"Skeena","Lake sockeye",176,"Kitsumkalum","-989898","-989898","-989898","-989898","-989898","-989898","-989898","-989898","-989898"
"Skeena","Lake sockeye",177,"Lakelse","-989898","-989898","-989898","-989898","-989898","-989898","-989898","-989898","-989898"
"Skeena","Lake sockeye",178,"Mcdonell/Dennis/Aldrich","-989898","-989898","-989898","-989898","-989898","-989898","-989898","-989898","-989898"
"Skeena","Lake sockeye",180,"Babine/Onerka","-989898","-989898","-989898","-989898","-989898","-989898","-989898","-989898","-989898"
"Skeena","Lake sockeye",181,"Bulkley/Maxan","-989898","-989898","-989898","-989898","-989898","-989898","-989898","-989898","-989898"
"Skeena","Lake sockeye",183,"Gitanyow (Kitwanga/Kitwancool)","-989898","-989898","-989898","-989898","-989898","-989898","-989898","-989898","-989898"
"Skeena","Lake sockeye",185,"Morice/Atna","-989898","-989898","-989898","-989898","-989898","-989898","-989898","-989898","-989898"
"Skeena","Lake sockeye",186,"Nilkitkwa","-989898","-989898","-989898","-989898","-989898","-989898","-989898","-989898","-989898"
"Skeena","Lake sockeye",187,"Stephens","-989898","-989898","-989898","-989898","-989898","-989898","-989898","-989898","-989898"
"Skeena","Lake sockeye",189,"Tahlo/Morrison","-989898","-989898","-989898","-989898","-989898","-989898","-989898","-989898","-989898"
"Skeena","Lake sockeye",190,"Asitika","-989898","-989898","-989898","-989898","-989898","-989898","-989898","-989898","-989898"
"Skeena","Lake sockeye",191,"Azuklotz","-989898","-989898","-989898","-989898","-989898","-989898","-989898","-989898","-989898"
"Skeena","Lake sockeye",192,"Bear","-989898","-989898","-989898","-989898","-989898","-989898","-989898","-989898","-989898"
"Skeena","Lake sockeye",193,"Damshilgwit","-989898","-989898","-989898","-989898","-989898","-989898","-989898","-989898","-989898"
"Skeena","Lake sockeye",194,"Johanson","-989898","-989898","-989898","-989898","-989898","-989898","-989898","-989898","-989898"
"Skeena","Lake sockeye",195,"Kluatantan","-989898","-989898","-989898","-989898","-989898","-989898","-989898","-989898","-989898"
"Skeena","Lake sockeye",196,"Kluayaz","-989898","-989898","-989898","-989898","-989898","-989898","-989898","-989898","-989898"
"Skeena","Lake sockeye",197,"Motase","-989898","-989898","-989898","-989898","-989898","-989898","-989898","-989898","-989898"
"Skeena","Lake sockeye",198,"Sicintine","-989898","-989898","-989898","-989898","-989898","-989898","-989898","-989898","-989898"
"Skeena","Lake sockeye",199,"Slamgeesh","-989898","-989898","-989898","-989898","-989898","-989898","-989898","-989898","-989898"
"Skeena","Lake sockeye",200,"Spawning","-989898","-989898","-989898","-989898","-989898","-989898","-989898","-989898","-989898"
"Skeena","Lake sockeye",201,"Sustut","-989898","-989898","-989898","-989898","-989898","-989898","-989898","-989898","-989898"
"Skeena","Lake sockeye",203,"Babine (enhanced)","-989898","-989898","-989898","-989898","-989898","-989898","-989898","-989898","-989898"
"Skeena","Lake sockeye",230,"Footsore/Hodder","-989898","-989898","-989898","-989898","-989898","-989898","-989898","-989898","-989898"
"Skeena","Lake sockeye",291,"Prudhomme","-989898","-989898","-989898","-989898","-989898","-989898","-989898","-989898","-989898"
"Skeena","Lake sockeye",292,"Shawatlan","-989898","-989898","-989898","-989898","-989898","-989898","-989898","-989898","-989898"
"Skeena","Pink (even)",218,"Middle-Upper Skeena (even)","-989898","-989898","-989898","-989898","-989898","-989898","-989898","-989898","-989898"
"Skeena","Pink (even)",219,"Nass-Skeena Estuary (even)","-989898","-989898","-989898","-989898","-989898","-989898","-989898","-989898","-989898"
"Skeena","Pink (odd)",209,"Lower Skeena River (odd)","-989898","-989898","-989898","-989898","-989898","-989898","-989898","-989898","-989898"
"Skeena","Pink (odd)",213,"Middle-Upper Skeena (odd)","-989898","-989898","-989898","-989898","-989898","-989898","-989898","-989898","-989898"
"Skeena","Pink (odd)",223,"Nass-Skeena Estuary (odd)","-989898","-989898","-989898","-989898","-989898","-989898","-989898","-989898","-989898"
"Skeena","River sockeye",216,"Skeena River-High Interior (river-type)","-989898","-989898","-989898","-989898","-989898","-989898","-989898","-989898","-989898"
"Skeena","River sockeye",226,"Skeena River (river-type)","-989898","-989898","-989898","-989898","-989898","-989898","-989898","-989898","-989898"
"Skeena","Steelhead",280,"Upper Skeena Headwaters","-989898","-989898","-989898","-989898","-989898","-989898","-989898","-989898","-989898"
"Skeena","Steelhead",281,"Upper Sustut","-989898","-989898","-989898","-989898","-989898","-989898","Conservation Concern","2018","https://www.env.gov.bc.ca/skeena/fish/sk_series_reports/sk178.pdf"
"Skeena","Steelhead",282,"Upper Skeena","-989898","-989898","-989898","-989898","-989898","-989898","-989898","-989898","-989898"
"Skeena","Steelhead",283,"Kispiox","-989898","-989898","-989898","-989898","-989898","-989898","-989898","-989898","-989898"
"Skeena","Steelhead",284,"Babine","-989898","-989898","-989898","-989898","-989898","-989898","-989898","-989898","-989898"
"Skeena","Steelhead",285,"Middle Skeena","-989898","-989898","-989898","-989898","-989898","-989898","-989898","-989898","-989898"
"Skeena","Steelhead",286,"Suskwa","-989898","-989898","-989898","-989898","-989898","-989898","-989898","-989898","-989898"
"Skeena","Steelhead",287,"Bulkley","-989898","-989898","-989898","-989898","-989898","-989898","-989898","-989898","-989898"
"Skeena","Steelhead",288,"Skeena Coastal Summers","-989898","-989898","-989898","-989898","-989898","-989898","-989898","-989898","-989898"
"Skeena","Steelhead",289,"Morice","-989898","-989898","-989898","-989898","-989898","-989898","-989898","-989898","-989898"
"Skeena","Steelhead",290,"Skeena Coastal Winters","-989898","-989898","-989898","-989898","-989898","-989898","-989898","-989898","-989898"
"Nass","Chinook",401,"Portland Sound-Observatory Inlet-Lower Nass","-989898","-989898","-989898","-989898","-989898","-989898","-989898","-989898","-989898"
"Nass","Chinook",402,"Upper Nass","-989898","-989898","-989898","-989898","-989898","-989898","-989898","-989898","-989898"
"Nass","Chum",404,"Portland Inlet","-989898","-989898","-989898","-989898","-989898","-989898","-989898","-989898","-989898"
"Nass","Chum",405,"Lower Nass","-989898","-989898","-989898","-989898","-989898","-989898","-989898","-989898","-989898"
"Nass","Chum",406,"Portland Canal-Observatory","-989898","-989898","-989898","-989898","-989898","-989898","-989898","-989898","-989898"
"Nass","Coho",408,"Lower Nass","-989898","-989898","-989898","-989898","-989898","-989898","-989898","-989898","-989898"
"Nass","Coho",409,"Upper Nass","-989898","-989898","-989898","-989898","-989898","-989898","-989898","-989898","-989898"
"Nass","Coho",410,"Portland Sound-Observatory Inlet-Portland Canal","-989898","-989898","-989898","-989898","-989898","-989898","-989898","-989898","-989898"
"Nass","Lake sockeye",418,"Clements","-989898","-989898","-989898","-989898","-989898","-989898","-989898","-989898","-989898"
"Nass","Lake sockeye",419,"Leverson","-989898","-989898","-989898","-989898","-989898","-989898","-989898","-989898","-989898"
"Nass","Lake sockeye",420,"Bowser","-989898","-989898","-989898","-989898","-989898","-989898","-989898","-989898","-989898"
"Nass","Lake sockeye",421,"Damdochax","-989898","-989898","-989898","-989898","-989898","-989898","-989898","-989898","-989898"
"Nass","Lake sockeye",422,"Fred Wright","-989898","-989898","-989898","-989898","-989898","-989898","-989898","-989898","-989898"
"Nass","Lake sockeye",423,"Kwinageese","-989898","-989898","-989898","-989898","-989898","-989898","-989898","-989898","-989898"
"Nass","Lake sockeye",424,"Meziadin","-989898","-989898","-989898","-989898","-989898","-989898","-989898","-989898","-989898"
"Nass","Lake sockeye",425,"Oweegee","-989898","-989898","-989898","-989898","-989898","-989898","-989898","-989898","-989898"
"Nass","Pink (even)",412,"Upper Nass (even)","-989898","-989898","-989898","-989898","-989898","-989898","-989898","-989898","-989898"
"Nass","Pink (odd)",414,"Nass-Portland-Observatory (odd)","-989898","-989898","-989898","-989898","-989898","-989898","-989898","-989898","-989898"
"Nass","Pink (odd)",415,"Upper Nass (odd)","-989898","-989898","-989898","-989898","-989898","-989898","-989898","-989898","-989898"
"Nass","River sockeye",426,"Lower Nass-Portland (river-type)","-989898","-989898","-989898","-989898","-989898","-989898","-989898","-989898","-989898"
"Nass","River sockeye",427,"Upper Nass River (river-type)","-989898","-989898","-989898","-989898","-989898","-989898","-989898","-989898","-989898"
"Nass","Steelhead",480,"Nass Summer","-989898","-989898","-989898","-989898","-989898","-989898","-989898","-989898","-989898"
"Nass","Steelhead",481,"Nass Winter","-989898","-989898","-989898","-989898","-989898","-989898","-989898","-989898","-989898"
"Central Coast","Chinook",509,"Docee","-989898","-989898","-989898","-989898","-989898","-989898","-989898","-989898","-989898"
"Central Coast","Chinook",510,"Rivers Inlet","-989898","-989898","-989898","-989898","-989898","-989898","-989898","-989898","-989898"
"Central Coast","Chinook",511,"Wannock","-989898","-989898","-989898","-989898","-989898","-989898","-989898","-989898","-989898"
"Central Coast","Chinook",512,"Bella Coola-Bentinck","-989898","-989898","-989898","-989898","-989898","-989898","-989898","-989898","-989898"
"Central Coast","Chinook",513,"Dean River","-989898","-989898","-989898","-989898","-989898","-989898","-989898","-989898","-989898"
"Central Coast","Chinook",514,"North & Central Coast-Late","-989898","-989898","-989898","-989898","-989898","-989898","-989898","-989898","-989898"
"Central Coast","Chinook",515,"North & Central Coast-Early","-989898","-989898","-989898","-989898","-989898","-989898","-989898","-989898","-989898"
"Central Coast","Chum",500,"Smith Inlet","-989898","-989898","-989898","-989898","-989898","-989898","-989898","-989898","-989898"
"Central Coast","Chum",501,"Rivers Inlet","-989898","-989898","-989898","-989898","-989898","-989898","-989898","-989898","-989898"
"Central Coast","Chum",502,"Wannock","-989898","-989898","-989898","-989898","-989898","-989898","-989898","-989898","-989898"
"Central Coast","Chum",503,"Spiller-Fitz-Hugh-Burke","-989898","-989898","-989898","-989898","-989898","-989898","-989898","-989898","-989898"
"Central Coast","Chum",504,"Bella Coola-Dean Rivers","-989898","-989898","-989898","-989898","-989898","-989898","-989898","-989898","-989898"
"Central Coast","Chum",505,"Bella Coola River-Late","-989898","-989898","-989898","-989898","-989898","-989898","-989898","-989898","-989898"
"Central Coast","Chum",506,"Hecate Lowlands","-989898","-989898","-989898","-989898","-989898","-989898","-989898","-989898","-989898"
"Central Coast","Chum",507,"Mussel-Kynoch","-989898","-989898","-989898","-989898","-989898","-989898","-989898","-989898","-989898"
"Central Coast","Chum",508,"Douglas-Gardner","-989898","-989898","-989898","-989898","-989898","-989898","-989898","-989898","-989898"
"Central Coast","Coho",516,"Smith Inlet","-989898","-989898","-989898","-989898","-989898","-989898","-989898","-989898","-989898"
"Central Coast","Coho",517,"Rivers Inlet","-989898","-989898","-989898","-989898","-989898","-989898","-989898","-989898","-989898"
"Central Coast","Coho",518,"Bella Coola-Dean Rivers","-989898","-989898","-989898","-989898","-989898","-989898","-989898","-989898","-989898"
"Central Coast","Coho",519,"Mussel-Kynoch","-989898","-989898","-989898","-989898","-989898","-989898","-989898","-989898","-989898"
"Central Coast","Coho",520,"Hecate Strait Mainland","-989898","-989898","-989898","-989898","-989898","-989898","-989898","-989898","-989898"
"Central Coast","Coho",522,"Douglas Channel-Kitimat Arm","-989898","-989898","-989898","-989898","-989898","-989898","-989898","-989898","-989898"
"Central Coast","Coho",523,"Northern Coastal Streams","-989898","-989898","-989898","-989898","-989898","-989898","-989898","-989898","-989898"
"Central Coast","Lake sockeye",524,"Long","-989898","-989898","-989898","-989898","-989898","-989898","-989898","-989898","-989898"
"Central Coast","Lake sockeye",525,"Owikeno","-989898","-989898","-989898","-989898","-989898","-989898","-989898","-989898","-989898"
"Central Coast","Lake sockeye",527,"Wannock (Owikeno)","-989898","-989898","-989898","-989898","-989898","-989898","-989898","-989898","-989898"
"Central Coast","Lake sockeye",528,"South Atnarko Lakes","-989898","-989898","-989898","-989898","-989898","-989898","-989898","-989898","-989898"
"Central Coast","Lake sockeye",529,"Backland","-989898","-989898","-989898","-989898","-989898","-989898","-989898","-989898","-989898"
"Central Coast","Lake sockeye",530,"Soda Creek","-989898","-989898","-989898","-989898","-989898","-989898","-989898","-989898","-989898"
"Central Coast","Lake sockeye",532,"Canoona","-989898","-989898","-989898","-989898","-989898","-989898","-989898","-989898","-989898"
"Central Coast","Lake sockeye",533,"Dome","-989898","-989898","-989898","-989898","-989898","-989898","-989898","-989898","-989898"
"Central Coast","Lake sockeye",534,"Evelyn","-989898","-989898","-989898","-989898","-989898","-989898","-989898","-989898","-989898"
"Central Coast","Lake sockeye",535,"Kainet Creek","-989898","-989898","-989898","-989898","-989898","-989898","-989898","-989898","-989898"
"Central Coast","Lake sockeye",536,"Kimsquit","-989898","-989898","-989898","-989898","-989898","-989898","-989898","-989898","-989898"
"Central Coast","Lake sockeye",537,"Kitkiata","-989898","-989898","-989898","-989898","-989898","-989898","-989898","-989898","-989898"
"Central Coast","Lake sockeye",538,"Kitlope","-989898","-989898","-989898","-989898","-989898","-989898","-989898","-989898","-989898"
"Central Coast","Lake sockeye",539,"Pine River","-989898","-989898","-989898","-989898","-989898","-989898","-989898","-989898","-989898"
"Central Coast","Lake sockeye",540,"Banks","-989898","-989898","-989898","-989898","-989898","-989898","-989898","-989898","-989898"
"Central Coast","Lake sockeye",541,"Bloomfield","-989898","-989898","-989898","-989898","-989898","-989898","-989898","-989898","-989898"
"Central Coast","Lake sockeye",542,"Bolton Creek","-989898","-989898","-989898","-989898","-989898","-989898","-989898","-989898","-989898"
"Central Coast","Lake sockeye",543,"Bonilla","-989898","-989898","-989898","-989898","-989898","-989898","-989898","-989898","-989898"
"Central Coast","Lake sockeye",544,"Borrowman Creek","-989898","-989898","-989898","-989898","-989898","-989898","-989898","-989898","-989898"
"Central Coast","Lake sockeye",545,"Busey Creek","-989898","-989898","-989898","-989898","-989898","-989898","-989898","-989898","-989898"
"Central Coast","Lake sockeye",546,"Cartwright Creek","-989898","-989898","-989898","-989898","-989898","-989898","-989898","-989898","-989898"
"Central Coast","Lake sockeye",547,"Chic Chic","-989898","-989898","-989898","-989898","-989898","-989898","-989898","-989898","-989898"
"Central Coast","Lake sockeye",548,"Tuwartz","-989898","-989898","-989898","-989898","-989898","-989898","-989898","-989898","-989898"
"Central Coast","Lake sockeye",549,"Fannie Cove","-989898","-989898","-989898","-989898","-989898","-989898","-989898","-989898","-989898"
"Central Coast","Lake sockeye",550,"Curtis Inlet","-989898","-989898","-989898","-989898","-989898","-989898","-989898","-989898","-989898"
"Central Coast","Lake sockeye",551,"Dallain Creek","-989898","-989898","-989898","-989898","-989898","-989898","-989898","-989898","-989898"
"Central Coast","Lake sockeye",552,"Deer","-989898","-989898","-989898","-989898","-989898","-989898","-989898","-989898","-989898"
"Central Coast","Lake sockeye",553,"Devon","-989898","-989898","-989898","-989898","-989898","-989898","-989898","-989898","-989898"
"Central Coast","Lake sockeye",554,"Douglas Creek","-989898","-989898","-989898","-989898","-989898","-989898","-989898","-989898","-989898"
"Central Coast","Lake sockeye",555,"Elizabeth","-989898","-989898","-989898","-989898","-989898","-989898","-989898","-989898","-989898"
"Central Coast","Lake sockeye",556,"Elsie/Hoy","-989898","-989898","-989898","-989898","-989898","-989898","-989898","-989898","-989898"
"Central Coast","Lake sockeye",557,"End Hill Creek","-989898","-989898","-989898","-989898","-989898","-989898","-989898","-989898","-989898"
"Central Coast","Lake sockeye",558,"Evinrude Inlet","-989898","-989898","-989898","-989898","-989898","-989898","-989898","-989898","-989898"
"Central Coast","Lake sockeye",559,"Freeda","-989898","-989898","-989898","-989898","-989898","-989898","-989898","-989898","-989898"
"Central Coast","Lake sockeye",560,"Hartley Bay","-989898","-989898","-989898","-989898","-989898","-989898","-989898","-989898","-989898"
"Central Coast","Lake sockeye",561,"Hevenor Inlet","-989898","-989898","-989898","-989898","-989898","-989898","-989898","-989898","-989898"
"Central Coast","Lake sockeye",562,"Higgins Lagoon","-989898","-989898","-989898","-989898","-989898","-989898","-989898","-989898","-989898"
"Central Coast","Lake sockeye",563,"Kadjusdis River","-989898","-989898","-989898","-989898","-989898","-989898","-989898","-989898","-989898"
"Central Coast","Lake sockeye",564,"Kdelmashan Creek","-989898","-989898","-989898","-989898","-989898","-989898","-989898","-989898","-989898"
"Central Coast","Lake sockeye",565,"Keecha","-989898","-989898","-989898","-989898","-989898","-989898","-989898","-989898","-989898"
"Central Coast","Lake sockeye",566,"Kent Inlet Lagoon Creek","-989898","-989898","-989898","-989898","-989898","-989898","-989898","-989898","-989898"
"Central Coast","Lake sockeye",567,"Kenzuwash Creeks","-989898","-989898","-989898","-989898","-989898","-989898","-989898","-989898","-989898"
"Central Coast","Lake sockeye",568,"Keswar Creek","-989898","-989898","-989898","-989898","-989898","-989898","-989898","-989898","-989898"
"Central Coast","Lake sockeye",569,"Kildidt Creek","-989898","-989898","-989898","-989898","-989898","-989898","-989898","-989898","-989898"
"Central Coast","Lake sockeye",570,"Kildidt Lagoon Creek","-989898","-989898","-989898","-989898","-989898","-989898","-989898","-989898","-989898"
"Central Coast","Lake sockeye",571,"Kisameet","-989898","-989898","-989898","-989898","-989898","-989898","-989898","-989898","-989898"
"Central Coast","Lake sockeye",572,"Koeye","-989898","-989898","-989898","-989898","-989898","-989898","-989898","-989898","-989898"
"Central Coast","Lake sockeye",573,"Kooryet","-989898","-989898","-989898","-989898","-989898","-989898","-989898","-989898","-989898"
"Central Coast","Lake sockeye",574,"Kunsoot River","-989898","-989898","-989898","-989898","-989898","-989898","-989898","-989898","-989898"
"Central Coast","Lake sockeye",575,"Kwakwa Creek","-989898","-989898","-989898","-989898","-989898","-989898","-989898","-989898","-989898"
"Central Coast","Lake sockeye",576,"Lewis Creek","-989898","-989898","-989898","-989898","-989898","-989898","-989898","-989898","-989898"
"Central Coast","Lake sockeye",577,"Limestone Creek","-989898","-989898","-989898","-989898","-989898","-989898","-989898","-989898","-989898"
"Central Coast","Lake sockeye",578,"Lowe/Simpson/Weir","-989898","-989898","-989898","-989898","-989898","-989898","-989898","-989898","-989898"
"Central Coast","Lake sockeye",579,"Mary Cove Creek","-989898","-989898","-989898","-989898","-989898","-989898","-989898","-989898","-989898"
"Central Coast","Lake sockeye",580,"Mcdonald Creek","-989898","-989898","-989898","-989898","-989898","-989898","-989898","-989898","-989898"
"Central Coast","Lake sockeye",581,"Mcloughlin","-989898","-989898","-989898","-989898","-989898","-989898","-989898","-989898","-989898"
"Central Coast","Lake sockeye",582,"Mikado","-989898","-989898","-989898","-989898","-989898","-989898","-989898","-989898","-989898"
"Central Coast","Lake sockeye",583,"Monckton Inlet Creek","-989898","-989898","-989898","-989898","-989898","-989898","-989898","-989898","-989898"
"Central Coast","Lake sockeye",584,"Namu","-989898","-989898","-989898","-989898","-989898","-989898","-989898","-989898","-989898"
"Central Coast","Lake sockeye",585,"Port John","-989898","-989898","-989898","-989898","-989898","-989898","-989898","-989898","-989898"
"Central Coast","Lake sockeye",586,"Powles Creek","-989898","-989898","-989898","-989898","-989898","-989898","-989898","-989898","-989898"
"Central Coast","Lake sockeye",587,"Price Creek","-989898","-989898","-989898","-989898","-989898","-989898","-989898","-989898","-989898"
"Central Coast","Lake sockeye",588,"Roderick","-989898","-989898","-989898","-989898","-989898","-989898","-989898","-989898","-989898"
"Central Coast","Lake sockeye",589,"Ryan Creek","-989898","-989898","-989898","-989898","-989898","-989898","-989898","-989898","-989898"
"Central Coast","Lake sockeye",590,"Salter","-989898","-989898","-989898","-989898","-989898","-989898","-989898","-989898","-989898"
"Central Coast","Lake sockeye",591,"Scoular/Kilpatrick","-989898","-989898","-989898","-989898","-989898","-989898","-989898","-989898","-989898"
"Central Coast","Lake sockeye",592,"Sheneeza Inlet","-989898","-989898","-989898","-989898","-989898","-989898","-989898","-989898","-989898"
"Central Coast","Lake sockeye",593,"Ship Point Creek","-989898","-989898","-989898","-989898","-989898","-989898","-989898","-989898","-989898"
"Central Coast","Lake sockeye",594,"Spencer Creek","-989898","-989898","-989898","-989898","-989898","-989898","-989898","-989898","-989898"
"Central Coast","Lake sockeye",595,"Stannard Creek","-989898","-989898","-989898","-989898","-989898","-989898","-989898","-989898","-989898"
"Central Coast","Lake sockeye",596,"Talamoosa Creek","-989898","-989898","-989898","-989898","-989898","-989898","-989898","-989898","-989898"
"Central Coast","Lake sockeye",597,"Tankeeah River","-989898","-989898","-989898","-989898","-989898","-989898","-989898","-989898","-989898"
"Central Coast","Lake sockeye",598,"Treneman Creek","-989898","-989898","-989898","-989898","-989898","-989898","-989898","-989898","-989898"
"Central Coast","Lake sockeye",599,"Tsimtack/Moore/Roger","-989898","-989898","-989898","-989898","-989898","-989898","-989898","-989898","-989898"
"Central Coast","Lake sockeye",600,"Tuno Creek East","-989898","-989898","-989898","-989898","-989898","-989898","-989898","-989898","-989898"
"Central Coast","Lake sockeye",601,"Tuno Creek West","-989898","-989898","-989898","-989898","-989898","-989898","-989898","-989898","-989898"
"Central Coast","Lake sockeye",602,"Tyler Creek","-989898","-989898","-989898","-989898","-989898","-989898","-989898","-989898","-989898"
"Central Coast","Lake sockeye",603,"Wale Creek","-989898","-989898","-989898","-989898","-989898","-989898","-989898","-989898","-989898"
"Central Coast","Lake sockeye",604,"Watt Bay","-989898","-989898","-989898","-989898","-989898","-989898","-989898","-989898","-989898"
"Central Coast","Lake sockeye",605,"West Creek","-989898","-989898","-989898","-989898","-989898","-989898","-989898","-989898","-989898"
"Central Coast","Lake sockeye",606,"Yaaklele Lagoon","-989898","-989898","-989898","-989898","-989898","-989898","-989898","-989898","-989898"
"Central Coast","Lake sockeye",607,"Yeo","-989898","-989898","-989898","-989898","-989898","-989898","-989898","-989898","-989898"
"Central Coast","Pink (even)",608,"Hecate Lowlands (even)","-989898","-989898","-989898","-989898","-989898","-989898","-989898","-989898","-989898"
"Central Coast","Pink (even)",609,"Hecate Strait-Fjords (even)","-989898","-989898","-989898","-989898","-989898","-989898","-989898","-989898","-989898"
"Central Coast","Pink (odd)",610,"Homathko-Klinaklini-Smith-Rivers-Bella Coola-Dean (odd)","-989898","-989898","-989898","-989898","-989898","-989898","-989898","-989898","-989898"
"Central Coast","Pink (odd)",611,"Hecate Strait-Lowlands (odd)","-989898","-989898","-989898","-989898","-989898","-989898","-989898","-989898","-989898"
"Central Coast","Pink (odd)",612,"Hecate Strait-Fjords (odd)","-989898","-989898","-989898","-989898","-989898","-989898","-989898","-989898","-989898"
"Central Coast","River sockeye",613,"Rivers-Smith Inlets (river-type)","-989898","-989898","-989898","-989898","-989898","-989898","-989898","-989898","-989898"
"Central Coast","River sockeye",614,"Northern Coastal Fjords (river-type)","-989898","-989898","-989898","-989898","-989898","-989898","-989898","-989898","-989898"
"Central Coast","River sockeye",615,"Northern Coastal Streams (river-type)","-989898","-989898","-989898","-989898","-989898","-989898","-989898","-989898","-989898"
"Central Coast","Steelhead",680,"North Coast Winter","-989898","-989898","-989898","-989898","-989898","-989898","-989898","-989898","-989898"
"Central Coast","Steelhead",681,"North Coast Summer","-989898","-989898","-989898","-989898","-989898","-989898","-989898","-989898","-989898"
"Central Coast","Steelhead",682,"Central Coast Winter","-989898","-989898","-989898","-989898","-989898","-989898","-989898","-989898","-989898"
"Central Coast","Steelhead",683,"Transition Summer","-989898","-989898","-989898","-989898","-989898","-989898","-989898","-989898","-989898"
"Fraser","Chinook",302,"Boundary Bay (Fall 4-1)","Threatened","2018","https://www.canada.ca/en/environment-climate-change/services/species-risk-public-registry/cosewic-assessments-status-reports/chinook-salmon-2020.html","-989898","-989898","-989898","-989898","-989898","-989898"
"Fraser","Chinook",303,"Lower Fraser River (Fall 4-1)","Threatened","2015","https://www.canada.ca/en/environment-climate-change/services/species-risk-public-registry/cosewic-assessments-status-reports/chinook-salmon-2018.html","Green","2012","https://waves-vagues.dfo-mpo.gc.ca/Library/40595419.pdf","-989898","-989898","-989898"
"Fraser","Chinook",304,"Lower Fraser River (Spring 5-2)","Special Concern","2015","https://www.canada.ca/en/environment-climate-change/services/species-risk-public-registry/cosewic-assessments-status-reports/chinook-salmon-2018.html","-989898","-989898","-989898","-989898","-989898","-989898"
"Fraser","Chinook",305,"Lower Fraser River-Upper Pitt (Summer 5-2)","Endangered","2015","https://www.canada.ca/en/environment-climate-change/services/species-risk-public-registry/cosewic-assessments-status-reports/chinook-salmon-2018.html","Data Deficient","2012","https://waves-vagues.dfo-mpo.gc.ca/Library/40595419.pdf","-989898","-989898","-989898"
"Fraser","Chinook",306,"Lower Fraser River (Summer 5-2)","Threatened","2015","https://www.canada.ca/en/environment-climate-change/services/species-risk-public-registry/cosewic-assessments-status-reports/chinook-salmon-2018.html","Data Deficient","2012","https://waves-vagues.dfo-mpo.gc.ca/Library/40595419.pdf","-989898","-989898","-989898"
"Fraser","Chinook",307,"Lower Fraser River-Maria Slough (Summer 4-1)","Endangered","2018","https://www.canada.ca/en/environment-climate-change/services/species-risk-public-registry/cosewic-assessments-status-reports/chinook-salmon-2020.html","-989898","-989898","-989898","-989898","-989898","-989898"
"Fraser","Chinook",308,"Fraser Canyon-Nahatlatch (Spring 5-2)","Endangered","2015","https://www.canada.ca/en/environment-climate-change/services/species-risk-public-registry/cosewic-assessments-status-reports/chinook-salmon-2018.html","Data Deficient","2012","https://waves-vagues.dfo-mpo.gc.ca/Library/40595419.pdf","-989898","-989898","-989898"
"Fraser","Chinook",309,"Middle Fraser River-Portage (Fall 5-2)","Endangered","2015","https://www.canada.ca/en/environment-climate-change/services/species-risk-public-registry/cosewic-assessments-status-reports/chinook-salmon-2018.html","Red","2012","https://waves-vagues.dfo-mpo.gc.ca/Library/40595419.pdf","-989898","-989898","-989898"
"Fraser","Chinook",310,"Middle Fraser River (Spring 5-2)","Threatened","2015","https://www.canada.ca/en/environment-climate-change/services/species-risk-public-registry/cosewic-assessments-status-reports/chinook-salmon-2018.html","Red","2012","https://waves-vagues.dfo-mpo.gc.ca/Library/40595419.pdf","-989898","-989898","-989898"
"Fraser","Chinook",311,"Middle Fraser River (Summer 5-2)","Threatened","2015","https://www.canada.ca/en/environment-climate-change/services/species-risk-public-registry/cosewic-assessments-status-reports/chinook-salmon-2018.html","Amber","2012","https://waves-vagues.dfo-mpo.gc.ca/Library/40595419.pdf","-989898","-989898","-989898"
"Fraser","Chinook",312,"Upper Fraser River (Spring 5-2)","Endangered","2015","https://www.canada.ca/en/environment-climate-change/services/species-risk-public-registry/cosewic-assessments-status-reports/chinook-salmon-2018.html","Red","2012","https://waves-vagues.dfo-mpo.gc.ca/Library/40595419.pdf","-989898","-989898","-989898"
"Fraser","Chinook",313,"South Thompson River (Summer 4-1)","Not at risk","2015","https://www.canada.ca/en/environment-climate-change/services/species-risk-public-registry/cosewic-assessments-status-reports/chinook-salmon-2018.html","Green","2012","https://waves-vagues.dfo-mpo.gc.ca/Library/40595419.pdf","-989898","-989898","-989898"
"Fraser","Chinook",314,"South Thompson River (Summer 5-2)","Endangered","2018","https://www.canada.ca/en/environment-climate-change/services/species-risk-public-registry/cosewic-assessments-status-reports/chinook-salmon-2020.html","Red_amber","2012","https://waves-vagues.dfo-mpo.gc.ca/Library/40595419.pdf","-989898","-989898","-989898"
"Fraser","Chinook",315,"Shuswap River (Summer 4-1)","Not at risk","2015","https://www.canada.ca/en/environment-climate-change/services/species-risk-public-registry/cosewic-assessments-status-reports/chinook-salmon-2018.html","-989898","-989898","-989898","-989898","-989898","-989898"
"Fraser","Chinook",316,"South Thompson River-Bessette Creek (Summer 4-2)","Endangered","2015","https://www.canada.ca/en/environment-climate-change/services/species-risk-public-registry/cosewic-assessments-status-reports/chinook-salmon-2018.html","Red","2012","https://waves-vagues.dfo-mpo.gc.ca/Library/40595419.pdf","-989898","-989898","-989898"
"Fraser","Chinook",317,"Lower Thompson River (Spring 4-2)","Endangered","2018","https://www.canada.ca/en/environment-climate-change/services/species-risk-public-registry/cosewic-assessments-status-reports/chinook-salmon-2020.html","Red","2012","https://waves-vagues.dfo-mpo.gc.ca/Library/40595419.pdf","-989898","-989898","-989898"
"Fraser","Chinook",318,"North Thompson River (Spring 5-2)","Endangered","2015","https://www.canada.ca/en/environment-climate-change/services/species-risk-public-registry/cosewic-assessments-status-reports/chinook-salmon-2018.html","Red","2012","https://waves-vagues.dfo-mpo.gc.ca/Library/40595419.pdf","-989898","-989898","-989898"
"Fraser","Chinook",319,"North Thompson River (Summer 5-2)","Endangered","2015","https://www.canada.ca/en/environment-climate-change/services/species-risk-public-registry/cosewic-assessments-status-reports/chinook-salmon-2018.html","Red","2012","https://waves-vagues.dfo-mpo.gc.ca/Library/40595419.pdf","-989898","-989898","-989898"
"Fraser","Chinook",333,"South Thompson-Adams River Upper","-989898","-989898","-989898","-989898","-989898","-989898","-989898","-989898","-989898"
"Fraser","Chum",701,"Lower Fraser","-989898","-989898","-989898","-989898","-989898","-989898","-989898","-989898","-989898"
"Fraser","Coho",704,"Lillooet","-989898","-989898","-989898","-989898","-989898","-989898","-989898","-989898","-989898"
"Fraser","Coho",705,"Fraser Canyon","Threatened","2015","https://www.canada.ca/en/environment-climate-change/services/species-risk-public-registry/cosewic-assessments-status-reports/coho-salmon-interior-fraser-2016.html","Amber","2011","https://waves-vagues.dfo-mpo.gc.ca/Library/364851.pdf","-989898","-989898","-989898"
"Fraser","Coho",707,"Lower Thompson","Threatened","2015","https://www.canada.ca/en/environment-climate-change/services/species-risk-public-registry/cosewic-assessments-status-reports/coho-salmon-interior-fraser-2016.html","Amber_green","2011","https://waves-vagues.dfo-mpo.gc.ca/Library/364851.pdf","-989898","-989898","-989898"
"Fraser","Coho",708,"South Thompson","Threatened","2015","https://www.canada.ca/en/environment-climate-change/services/species-risk-public-registry/cosewic-assessments-status-reports/coho-salmon-interior-fraser-2016.html","Amber","2011","https://waves-vagues.dfo-mpo.gc.ca/Library/364851.pdf","-989898","-989898","-989898"
"Fraser","Coho",709,"North Thompson","Threatened","2015","https://www.canada.ca/en/environment-climate-change/services/species-risk-public-registry/cosewic-assessments-status-reports/coho-salmon-interior-fraser-2016.html","Amber_green","2011","https://waves-vagues.dfo-mpo.gc.ca/Library/364851.pdf","-989898","-989898","-989898"
"Fraser","Coho",749,"Interior Fraser","Threatened","2015","https://www.canada.ca/en/environment-climate-change/services/species-risk-public-registry/cosewic-assessments-status-reports/coho-salmon-interior-fraser-2016.html","Amber","2011","https://waves-vagues.dfo-mpo.gc.ca/Library/364851.pdf","-989898","-989898","-989898"
"Fraser","Coho",750,"Lower Fraser","-989898","-989898","-989898","-989898","-989898","-989898","-989898","-989898","-989898"
"Fraser","Coho",906,"Boundary Bay","-989898","-989898","-989898","-989898","-989898","-989898","-989898","-989898","-989898"
"Fraser","Lake sockeye",711,"Chilliwack-Early Summer (cyclic)","Not at risk","2015","https://www.sararegistry.gc.ca/virtual_sara/files/cosewic/srSockeyeSalmon2017e.pdf","Amber_green","2014","https://waves-vagues.dfo-mpo.gc.ca/Library/40712163.pdf","-989898","-989898","-989898"
"Fraser","Lake sockeye",712,"Cultus-Late","Endangered","2015","https://www.sararegistry.gc.ca/virtual_sara/files/cosewic/srSockeyeSalmon2017e.pdf","Red","2014","https://waves-vagues.dfo-mpo.gc.ca/Library/40712163.pdf","-989898","-989898","-989898"
"Fraser","Lake sockeye",713,"Harrison-Downstream Migrating-Late","Special Concern","2015","https://www.sararegistry.gc.ca/virtual_sara/files/cosewic/srSockeyeSalmon2017e.pdf","Amber_green","2014","https://waves-vagues.dfo-mpo.gc.ca/Library/40712163.pdf","-989898","-989898","-989898"
"Fraser","Lake sockeye",714,"Harrison-Upstream Migrating-Late","Endangered","2015","https://www.sararegistry.gc.ca/virtual_sara/files/cosewic/srSockeyeSalmon2017e.pdf","Red","2014","https://waves-vagues.dfo-mpo.gc.ca/Library/40712163.pdf","-989898","-989898","-989898"
"Fraser","Lake sockeye",715,"Pitt-Early Summer","Not at risk","2015","https://www.sararegistry.gc.ca/virtual_sara/files/cosewic/srSockeyeSalmon2017e.pdf","Green","2014","https://waves-vagues.dfo-mpo.gc.ca/Library/40712163.pdf","-989898","-989898","-989898"
"Fraser","Lake sockeye",716,"Lillooet-Harrison-Late","Special Concern","2015","https://www.sararegistry.gc.ca/virtual_sara/files/cosewic/srSockeyeSalmon2017e.pdf","Amber","2014","https://waves-vagues.dfo-mpo.gc.ca/Library/40712163.pdf","-989898","-989898","-989898"
"Fraser","Lake sockeye",718,"Nahatlatch-Early Summer","Special Concern","2015","https://www.sararegistry.gc.ca/virtual_sara/files/cosewic/srSockeyeSalmon2017e.pdf","Amber","2014","https://waves-vagues.dfo-mpo.gc.ca/Library/40712163.pdf","-989898","-989898","-989898"
"Fraser","Lake sockeye",719,"Anderson-Seton-Early Summer","Not at risk","2015","https://www.sararegistry.gc.ca/virtual_sara/files/cosewic/srSockeyeSalmon2017e.pdf","Amber_green","2014","https://waves-vagues.dfo-mpo.gc.ca/Library/40712163.pdf","-989898","-989898","-989898"
"Fraser","Lake sockeye",720,"Chilko-Early Summer","Not at risk","2015","https://www.sararegistry.gc.ca/virtual_sara/files/cosewic/srSockeyeSalmon2017e.pdf","Green","2014","https://waves-vagues.dfo-mpo.gc.ca/Library/40712163.pdf","-989898","-989898","-989898"
"Fraser","Lake sockeye",721,"Chilko-Summer","Not at risk","2015","https://www.sararegistry.gc.ca/virtual_sara/files/cosewic/srSockeyeSalmon2017e.pdf","Green","2014","https://waves-vagues.dfo-mpo.gc.ca/Library/40712163.pdf","-989898","-989898","-989898"
"Fraser","Lake sockeye",725,"Francois-Fraser-Summer","Special Concern","2015","https://www.sararegistry.gc.ca/virtual_sara/files/cosewic/srSockeyeSalmon2017e.pdf","Amber_green","2014","https://waves-vagues.dfo-mpo.gc.ca/Library/40712163.pdf","-989898","-989898","-989898"
"Fraser","Lake sockeye",727,"Nadina-Francois-Early Summer","Not at risk","2015","https://www.sararegistry.gc.ca/virtual_sara/files/cosewic/srSockeyeSalmon2017e.pdf","Amber_green","2014","https://waves-vagues.dfo-mpo.gc.ca/Library/40712163.pdf","-989898","-989898","-989898"
"Fraser","Lake sockeye",728,"Quesnel-Summer (cyclic)","Endangered","2015","https://www.sararegistry.gc.ca/virtual_sara/files/cosewic/srSockeyeSalmon2017e.pdf","Red_amber","2014","https://waves-vagues.dfo-mpo.gc.ca/Library/40712163.pdf","-989898","-989898","-989898"
"Fraser","Lake sockeye",729,"Seton-Late (de novo)","Endangered","2021","https://www.sararegistry.gc.ca/virtual_sara/files/cosewic/srSockeyeSalmon2017e.pdf","Red","2014","https://waves-vagues.dfo-mpo.gc.ca/Library/40712163.pdf","-989898","-989898","-989898"
"Fraser","Lake sockeye",731,"Takla-Trembleur-Stuart-Summer (cyclic)","Endangered","2015","https://www.sararegistry.gc.ca/virtual_sara/files/cosewic/srSockeyeSalmon2017e.pdf","Red_amber","2014","https://waves-vagues.dfo-mpo.gc.ca/Library/40712163.pdf","-989898","-989898","-989898"
"Fraser","Lake sockeye",732,"Takla-Trembleur-Early Stuart (cyclic)","Endangered","2015","https://www.sararegistry.gc.ca/virtual_sara/files/cosewic/srSockeyeSalmon2017e.pdf","Red","2014","https://waves-vagues.dfo-mpo.gc.ca/Library/40712163.pdf","-989898","-989898","-989898"
"Fraser","Lake sockeye",734,"Taseko-Early Summer","Endangered","2015","https://www.sararegistry.gc.ca/virtual_sara/files/cosewic/srSockeyeSalmon2017e.pdf","Red","2014","https://waves-vagues.dfo-mpo.gc.ca/Library/40712163.pdf","-989898","-989898","-989898"
"Fraser","Lake sockeye",735,"Bowron-Early Summer","Endangered","2015","https://www.sararegistry.gc.ca/virtual_sara/files/cosewic/srSockeyeSalmon2017e.pdf","Red","2014","https://waves-vagues.dfo-mpo.gc.ca/Library/40712163.pdf","-989898","-989898","-989898"
"Fraser","Lake sockeye",738,"Shuswap-Early Summer (cyclic)","Not at risk","2015","https://www.sararegistry.gc.ca/virtual_sara/files/cosewic/srSockeyeSalmon2017e.pdf","Amber","2014","https://waves-vagues.dfo-mpo.gc.ca/Library/40712163.pdf","-989898","-989898","-989898"
"Fraser","Lake sockeye",739,"Shuswap-Late (cyclic)","Not at risk","2015","https://www.sararegistry.gc.ca/virtual_sara/files/cosewic/srSockeyeSalmon2017e.pdf","Amber_green","2014","https://waves-vagues.dfo-mpo.gc.ca/Library/40712163.pdf","-989898","-989898","-989898"
"Fraser","Lake sockeye",740,"Kamloops-Early Summer","Special Concern","2015","https://www.sararegistry.gc.ca/virtual_sara/files/cosewic/srSockeyeSalmon2017e.pdf","Amber","2014","https://waves-vagues.dfo-mpo.gc.ca/Library/40712163.pdf","-989898","-989898","-989898"
"Fraser","Lake sockeye",752,"North Barriere-Early Summer (de novo)","Threatened","2021","https://www.sararegistry.gc.ca/virtual_sara/files/cosewic/srSockeyeSalmon2017e.pdf","Red","2014","https://waves-vagues.dfo-mpo.gc.ca/Library/40712163.pdf","-989898","-989898","-989898"
"Fraser","Lake sockeye",753,"Fraser-Early Summer","Endangered","2021","https://www.canada.ca/en/environment-climate-change/services/species-risk-public-registry/cosewic-assessments-status-reports/sockeye-salmon-2021.html","-989898","-989898","-989898","-989898","-989898","-989898"
"Fraser","Lake sockeye",756,"Alouette-Early Summer","Special Concern","2021","https://www.canada.ca/en/environment-climate-change/services/species-risk-public-registry/cosewic-assessments-status-reports/sockeye-salmon-2021.html","-989898","-989898","-989898","-989898","-989898","-989898"
"Fraser","Lake sockeye",757,"Coquitlam-Early Summer","Special Concern","2021","https://www.canada.ca/en/environment-climate-change/services/species-risk-public-registry/cosewic-assessments-status-reports/sockeye-salmon-2021.html","-989898","-989898","-989898","-989898","-989898","-989898"
"Fraser","Lake sockeye",758,"Kawkawa-Late","-989898","-989898","-989898","-989898","-989898","-989898","-989898","-989898","-989898"
"Fraser","Lake sockeye",759,"Seton-Summer","Extinct","2021","https://www.canada.ca/en/environment-climate-change/services/species-risk-public-registry/cosewic-assessments-status-reports/sockeye-salmon-2021.html","-989898","-989898","-989898","-989898","-989898","-989898"
"Fraser","Lake sockeye",760,"Adams-Early Summer","Extinct","2021","https://www.canada.ca/en/environment-climate-change/services/species-risk-public-registry/cosewic-assessments-status-reports/sockeye-salmon-2021.html","-989898","-989898","-989898","-989898","-989898","-989898"
"Fraser","Lake sockeye",761,"Momich-Early Summer","Endangered","2021","https://www.canada.ca/en/environment-climate-change/services/species-risk-public-registry/cosewic-assessments-status-reports/sockeye-salmon-2021.html","-989898","-989898","-989898","-989898","-989898","-989898"
"Fraser","Lake sockeye",763,"North Barriere-Early Summer","Extinct","2021","https://www.canada.ca/en/environment-climate-change/services/species-risk-public-registry/cosewic-assessments-status-reports/sockeye-salmon-2021.html","-989898","-989898","-989898","-989898","-989898","-989898"
"Fraser","Pink (odd)",710,"Fraser River (odd)","-989898","-989898","-989898","Green","2023","https://www.dfo-mpo.gc.ca/csas-sccs/Publications/ResDocs-DocRech/2024/2024_063-eng.html","-989898","-989898","-989898"
"Fraser","River sockeye",742,"Widgeon (river-type)","Threatened","2015","https://www.sararegistry.gc.ca/virtual_sara/files/cosewic/srSockeyeSalmon2017e.pdf","Red","2014","https://waves-vagues.dfo-mpo.gc.ca/Library/40712163.pdf","-989898","-989898","-989898"
"Fraser","River sockeye",745,"Harrison River (river-type)","Not at risk","2015","https://www.sararegistry.gc.ca/virtual_sara/files/cosewic/srSockeyeSalmon2017e.pdf","Green","2014","https://waves-vagues.dfo-mpo.gc.ca/Library/40712163.pdf","-989898","-989898","-989898"
"Fraser","Steelhead",780,"Mid Fraser Summer","Endangered","2020","https://www.canada.ca/en/environment-climate-change/services/species-risk-public-registry/cosewic-assessments-status-reports/steelhead-trout-2020.html","-989898","-989898","-989898","Extreme Conservation Concern","2022","https://www2.gov.bc.ca/assets/gov/environment/plants-animals-and-ecosystems/fish-fish-habitat/fishery-resources/interior-fraser-steelhead/ifs_status_update_25_nov_2022.pdf"
"Fraser","Steelhead",781,"Thompson Summer","Endangered","2020","https://www.canada.ca/en/environment-climate-change/services/species-risk-public-registry/cosewic-assessments-status-reports/steelhead-trout-2020.html","-989898","-989898","-989898","Extreme Conservation Concern","2022","https://www2.gov.bc.ca/assets/gov/environment/plants-animals-and-ecosystems/fish-fish-habitat/fishery-resources/interior-fraser-steelhead/ifs_status_update_25_nov_2022.pdf"
"Fraser","Steelhead",782,"Lower Fraser Winter","-989898","-989898","-989898","-989898","-989898","-989898","-989898","-989898","-989898"
"Fraser","Steelhead",783,"Fraser Canyon Summer","-989898","-989898","-989898","-989898","-989898","-989898","-989898","-989898","-989898"
"Fraser","Steelhead",784,"Lower Fraser Summer","-989898","-989898","-989898","-989898","-989898","-989898","-989898","-989898","-989898"
"Fraser","Steelhead",785,"Boundary Bay Winter","-989898","-989898","-989898","-989898","-989898","-989898","-989898","-989898","-989898"
"Vancouver Island & Mainland Inlets","Chinook",320,"Southern Mainland-Georgia Strait (Fall x-1)","Data Deficient","2018","https://www.canada.ca/en/environment-climate-change/services/species-risk-public-registry/cosewic-assessments-status-reports/chinook-salmon-2020.html","-989898","-989898","-989898","-989898","-989898","-989898"
"Vancouver Island & Mainland Inlets","Chinook",321,"East Vancouver Island-Goldstream (Fall x-1)","Special Concern","2018","https://www.canada.ca/en/environment-climate-change/services/species-risk-public-registry/cosewic-assessments-status-reports/chinook-salmon-2020.html","-989898","-989898","-989898","-989898","-989898","-989898"
"Vancouver Island & Mainland Inlets","Chinook",322,"East Vancouver Island-Cowichan and Koksilah (Fall x-1)","Special Concern","2018","https://www.canada.ca/en/environment-climate-change/services/species-risk-public-registry/cosewic-assessments-status-reports/chinook-salmon-2020.html","-989898","-989898","-989898","-989898","-989898","-989898"
"Vancouver Island & Mainland Inlets","Chinook",323,"East Vancouver Island-Nanaimo (Spring x-2)","Endangered","2015","https://www.canada.ca/en/environment-climate-change/services/species-risk-public-registry/cosewic-assessments-status-reports/chinook-salmon-2018.html","Data Deficient","2012","https://waves-vagues.dfo-mpo.gc.ca/Library/40595419.pdf","-989898","-989898","-989898"
"Vancouver Island & Mainland Inlets","Chinook",324,"East Vancouver Island-Nanaimo and Chemainus (Fall x-1)","Special Concern","2018","https://www.canada.ca/en/environment-climate-change/services/species-risk-public-registry/cosewic-assessments-status-reports/chinook-salmon-2020.html","-989898","-989898","-989898","-989898","-989898","-989898"
"Vancouver Island & Mainland Inlets","Chinook",325,"East Vancouver Island-Qualicum and Puntledge (Fall x-1)","Special Concern","2018","https://www.canada.ca/en/environment-climate-change/services/species-risk-public-registry/cosewic-assessments-status-reports/chinook-salmon-2020.html","-989898","-989898","-989898","-989898","-989898","-989898"
"Vancouver Island & Mainland Inlets","Chinook",326,"Southern Mainland-Southern Fjords (Fall x-1)","Data Deficient","2018","https://www.canada.ca/en/environment-climate-change/services/species-risk-public-registry/cosewic-assessments-status-reports/chinook-salmon-2020.html","-989898","-989898","-989898","-989898","-989898","-989898"
"Vancouver Island & Mainland Inlets","Chinook",327,"East Vancouver Island-North (Fall x-1)","Not at risk","2018","https://www.canada.ca/en/environment-climate-change/services/species-risk-public-registry/cosewic-assessments-status-reports/chinook-salmon-2020.html","Red","2012","https://waves-vagues.dfo-mpo.gc.ca/Library/40595419.pdf","-989898","-989898","-989898"
"Vancouver Island & Mainland Inlets","Chinook",328,"West Vancouver Island-South (Fall x-1)","Threatened","2018","https://www.canada.ca/en/environment-climate-change/services/species-risk-public-registry/cosewic-assessments-status-reports/chinook-salmon-2020.html","Red","2012","https://waves-vagues.dfo-mpo.gc.ca/Library/40595419.pdf","-989898","-989898","-989898"
"Vancouver Island & Mainland Inlets","Chinook",329,"West Vancouver Island-Nootka and Kyuquot (Fall x-1)","Threatened","2018","https://www.canada.ca/en/environment-climate-change/services/species-risk-public-registry/cosewic-assessments-status-reports/chinook-salmon-2020.html","Red","2012","https://waves-vagues.dfo-mpo.gc.ca/Library/40595419.pdf","-989898","-989898","-989898"
"Vancouver Island & Mainland Inlets","Chinook",330,"West Vancouver Island-North (Fall x-1)","Data Deficient","2018","https://www.canada.ca/en/environment-climate-change/services/species-risk-public-registry/cosewic-assessments-status-reports/chinook-salmon-2020.html","-989898","-989898","-989898","-989898","-989898","-989898"
"Vancouver Island & Mainland Inlets","Chinook",331,"Homathko (Summer x-x)","Data Deficient","2015","https://www.canada.ca/en/environment-climate-change/services/species-risk-public-registry/cosewic-assessments-status-reports/chinook-salmon-2018.html","Data Deficient","2012","https://waves-vagues.dfo-mpo.gc.ca/Library/40595419.pdf","-989898","-989898","-989898"
"Vancouver Island & Mainland Inlets","Chinook",332,"Klinaklini (Summer 5-2)","Data Deficient","2015","https://www.canada.ca/en/environment-climate-change/services/species-risk-public-registry/cosewic-assessments-status-reports/chinook-salmon-2018.html","Data Deficient","2012","https://waves-vagues.dfo-mpo.gc.ca/Library/40595419.pdf","-989898","-989898","-989898"
"Vancouver Island & Mainland Inlets","Chinook",334,"East Vancouver Island-Georgia Strait (Summer 4-1)","Endangered","2018","https://www.canada.ca/en/environment-climate-change/services/species-risk-public-registry/cosewic-assessments-status-reports/chinook-salmon-2020.html","-989898","-989898","-989898","-989898","-989898","-989898"
"Vancouver Island & Mainland Inlets","Chum",900,"Southern Coastal Streams","-989898","-989898","-989898","-989898","-989898","-989898","-989898","-989898","-989898"
"Vancouver Island & Mainland Inlets","Chum",901,"Bute Inlet","-989898","-989898","-989898","-989898","-989898","-989898","-989898","-989898","-989898"
"Vancouver Island & Mainland Inlets","Chum",902,"Loughborough","-989898","-989898","-989898","-989898","-989898","-989898","-989898","-989898","-989898"
"Vancouver Island & Mainland Inlets","Chum",903,"Northeast Vancouver Island","-989898","-989898","-989898","-989898","-989898","-989898","-989898","-989898","-989898"
"Vancouver Island & Mainland Inlets","Chum",904,"Georgia Strait","-989898","-989898","-989898","-989898","-989898","-989898","-989898","-989898","-989898"
"Vancouver Island & Mainland Inlets","Chum",905,"Howe Sound-Burrard Inlet","-989898","-989898","-989898","-989898","-989898","-989898","-989898","-989898","-989898"
"Vancouver Island & Mainland Inlets","Chum",977,"Northwest Vancouver Island","-989898","-989898","-989898","-989898","-989898","-989898","-989898","-989898","-989898"
"Vancouver Island & Mainland Inlets","Chum",978,"Southwest & West Vancouver Island","-989898","-989898","-989898","-989898","-989898","-989898","-989898","-989898","-989898"
"Vancouver Island & Mainland Inlets","Chum",979,"Upper Knight","-989898","-989898","-989898","-989898","-989898","-989898","-989898","-989898","-989898"
"Vancouver Island & Mainland Inlets","Coho",907,"Howe Sound-Burrard Inlet","-989898","-989898","-989898","-989898","-989898","-989898","-989898","-989898","-989898"
"Vancouver Island & Mainland Inlets","Coho",908,"Georgia Strait Mainland","-989898","-989898","-989898","-989898","-989898","-989898","-989898","-989898","-989898"
"Vancouver Island & Mainland Inlets","Coho",909,"Southern Coastal Streams-Queen Charlotte Strait-Johnstone Strait-Southern Fjords","-989898","-989898","-989898","-989898","-989898","-989898","-989898","-989898","-989898"
"Vancouver Island & Mainland Inlets","Coho",910,"East Vancouver Island-Georgia Strait","-989898","-989898","-989898","-989898","-989898","-989898","-989898","-989898","-989898"
"Vancouver Island & Mainland Inlets","Coho",911,"East Vancouver Island-Johnstone Strait-Southern Fjords","-989898","-989898","-989898","-989898","-989898","-989898","-989898","-989898","-989898"
"Vancouver Island & Mainland Inlets","Coho",912,"Nahwitti Lowland","-989898","-989898","-989898","-989898","-989898","-989898","-989898","-989898","-989898"
"Vancouver Island & Mainland Inlets","Coho",913,"Juan de Fuca-Pachena","-989898","-989898","-989898","-989898","-989898","-989898","-989898","-989898","-989898"
"Vancouver Island & Mainland Inlets","Coho",914,"West Vancouver Island","-989898","-989898","-989898","-989898","-989898","-989898","-989898","-989898","-989898"
"Vancouver Island & Mainland Inlets","Coho",915,"Clayoquot","-989898","-989898","-989898","-989898","-989898","-989898","-989898","-989898","-989898"
"Vancouver Island & Mainland Inlets","Coho",916,"Homathko-Klinaklini Rivers","-989898","-989898","-989898","-989898","-989898","-989898","-989898","-989898","-989898"
"Vancouver Island & Mainland Inlets","Lake sockeye",927,"Fulmore","-989898","-989898","-989898","-989898","-989898","-989898","-989898","-989898","-989898"
"Vancouver Island & Mainland Inlets","Lake sockeye",928,"Heydon","-989898","-989898","-989898","-989898","-989898","-989898","-989898","-989898","-989898"
"Vancouver Island & Mainland Inlets","Lake sockeye",929,"Kakweiken","-989898","-989898","-989898","-989898","-989898","-989898","-989898","-989898","-989898"
"Vancouver Island & Mainland Inlets","Lake sockeye",930,"Loose","-989898","-989898","-989898","-989898","-989898","-989898","-989898","-989898","-989898"
"Vancouver Island & Mainland Inlets","Lake sockeye",931,"Mackenzie","-989898","-989898","-989898","-989898","-989898","-989898","-989898","-989898","-989898"
"Vancouver Island & Mainland Inlets","Lake sockeye",932,"Phillips","-989898","-989898","-989898","-989898","-989898","-989898","-989898","-989898","-989898"
"Vancouver Island & Mainland Inlets","Lake sockeye",933,"Sakinaw","Endangered","2012","https://www.canada.ca/en/environment-climate-change/services/species-risk-public-registry/cosewic-assessments-status-reports/sockeye-salmon-sakinaw-population-2016.html","-989898","-989898","-989898","-989898","-989898","-989898"
"Vancouver Island & Mainland Inlets","Lake sockeye",935,"Tzoonie","-989898","-989898","-989898","-989898","-989898","-989898","-989898","-989898","-989898"
"Vancouver Island & Mainland Inlets","Lake sockeye",937,"Ida-Bonanza","-989898","-989898","-989898","-989898","-989898","-989898","-989898","-989898","-989898"
"Vancouver Island & Mainland Inlets","Lake sockeye",938,"Nahwitti","-989898","-989898","-989898","-989898","-989898","-989898","-989898","-989898","-989898"
"Vancouver Island & Mainland Inlets","Lake sockeye",939,"Nimpkish","-989898","-989898","-989898","-989898","-989898","-989898","-989898","-989898","-989898"
"Vancouver Island & Mainland Inlets","Lake sockeye",941,"Quatse","-989898","-989898","-989898","-989898","-989898","-989898","-989898","-989898","-989898"
"Vancouver Island & Mainland Inlets","Lake sockeye",942,"Schoen","-989898","-989898","-989898","-989898","-989898","-989898","-989898","-989898","-989898"
"Vancouver Island & Mainland Inlets","Lake sockeye",943,"Shushartie","-989898","-989898","-989898","-989898","-989898","-989898","-989898","-989898","-989898"
"Vancouver Island & Mainland Inlets","Lake sockeye",944,"Woss","-989898","-989898","-989898","-989898","-989898","-989898","-989898","-989898","-989898"
"Vancouver Island & Mainland Inlets","Lake sockeye",945,"Alice","-989898","-989898","-989898","-989898","-989898","-989898","-989898","-989898","-989898"
"Vancouver Island & Mainland Inlets","Lake sockeye",946,"Canoe Creek","-989898","-989898","-989898","-989898","-989898","-989898","-989898","-989898","-989898"
"Vancouver Island & Mainland Inlets","Lake sockeye",947,"Cecilia","-989898","-989898","-989898","-989898","-989898","-989898","-989898","-989898","-989898"
"Vancouver Island & Mainland Inlets","Lake sockeye",948,"Cheewat","-989898","-989898","-989898","-989898","-989898","-989898","-989898","-989898","-989898"
"Vancouver Island & Mainland Inlets","Lake sockeye",949,"Clayoquot","-989898","-989898","-989898","-989898","-989898","-989898","-989898","-989898","-989898"
"Vancouver Island & Mainland Inlets","Lake sockeye",950,"Deserted","-989898","-989898","-989898","-989898","-989898","-989898","-989898","-989898","-989898"
"Vancouver Island & Mainland Inlets","Lake sockeye",951,"Fairy","-989898","-989898","-989898","-989898","-989898","-989898","-989898","-989898","-989898"
"Vancouver Island & Mainland Inlets","Lake sockeye",952,"Great Central","-989898","-989898","-989898","-989898","-989898","-989898","-989898","-989898","-989898"
"Vancouver Island & Mainland Inlets","Lake sockeye",953,"Henderson","-989898","-989898","-989898","-989898","-989898","-989898","-989898","-989898","-989898"
"Vancouver Island & Mainland Inlets","Lake sockeye",954,"Hesquiat","-989898","-989898","-989898","-989898","-989898","-989898","-989898","-989898","-989898"
"Vancouver Island & Mainland Inlets","Lake sockeye",955,"Hobiton","-989898","-989898","-989898","-989898","-989898","-989898","-989898","-989898","-989898"
"Vancouver Island & Mainland Inlets","Lake sockeye",956,"Jansen","-989898","-989898","-989898","-989898","-989898","-989898","-989898","-989898","-989898"
"Vancouver Island & Mainland Inlets","Lake sockeye",957,"Kanim","-989898","-989898","-989898","-989898","-989898","-989898","-989898","-989898","-989898"
"Vancouver Island & Mainland Inlets","Lake sockeye",958,"Kennedy","-989898","-989898","-989898","-989898","-989898","-989898","-989898","-989898","-989898"
"Vancouver Island & Mainland Inlets","Lake sockeye",959,"Maggie","-989898","-989898","-989898","-989898","-989898","-989898","-989898","-989898","-989898"
"Vancouver Island & Mainland Inlets","Lake sockeye",960,"Megin","-989898","-989898","-989898","-989898","-989898","-989898","-989898","-989898","-989898"
"Vancouver Island & Mainland Inlets","Lake sockeye",961,"Muchalat","-989898","-989898","-989898","-989898","-989898","-989898","-989898","-989898","-989898"
"Vancouver Island & Mainland Inlets","Lake sockeye",962,"Muriel","-989898","-989898","-989898","-989898","-989898","-989898","-989898","-989898","-989898"
"Vancouver Island & Mainland Inlets","Lake sockeye",963,"Nitinat","-989898","-989898","-989898","-989898","-989898","-989898","-989898","-989898","-989898"
"Vancouver Island & Mainland Inlets","Lake sockeye",964,"O'Connell","-989898","-989898","-989898","-989898","-989898","-989898","-989898","-989898","-989898"
"Vancouver Island & Mainland Inlets","Lake sockeye",966,"Park River","-989898","-989898","-989898","-989898","-989898","-989898","-989898","-989898","-989898"
"Vancouver Island & Mainland Inlets","Lake sockeye",967,"Power","-989898","-989898","-989898","-989898","-989898","-989898","-989898","-989898","-989898"
"Vancouver Island & Mainland Inlets","Lake sockeye",969,"Sproat","-989898","-989898","-989898","-989898","-989898","-989898","-989898","-989898","-989898"
"Vancouver Island & Mainland Inlets","Lake sockeye",970,"William-Brink","-989898","-989898","-989898","-989898","-989898","-989898","-989898","-989898","-989898"
"Vancouver Island & Mainland Inlets","Lake sockeye",976,"Vernon","-989898","-989898","-989898","-989898","-989898","-989898","-989898","-989898","-989898"
"Vancouver Island & Mainland Inlets","Pink (even)",917,"Georgia Strait (even)","-989898","-989898","-989898","-989898","-989898","-989898","-989898","-989898","-989898"
"Vancouver Island & Mainland Inlets","Pink (even)",918,"West Vancouver Island (even)","-989898","-989898","-989898","-989898","-989898","-989898","-989898","-989898","-989898"
"Vancouver Island & Mainland Inlets","Pink (even)",919,"Northwest Vancouver Island (even)","-989898","-989898","-989898","-989898","-989898","-989898","-989898","-989898","-989898"
"Vancouver Island & Mainland Inlets","Pink (even)",920,"Southern Fjords (even)","-989898","-989898","-989898","-989898","-989898","-989898","-989898","-989898","-989898"
"Vancouver Island & Mainland Inlets","Pink (odd)",921,"East Howe Sound-Burrard Inlet (odd)","-989898","-989898","-989898","-989898","-989898","-989898","-989898","-989898","-989898"
"Vancouver Island & Mainland Inlets","Pink (odd)",922,"Georgia Strait (odd)","-989898","-989898","-989898","-989898","-989898","-989898","-989898","-989898","-989898"
"Vancouver Island & Mainland Inlets","Pink (odd)",923,"East Vancouver Island-Johnstone Strait (odd)","-989898","-989898","-989898","-989898","-989898","-989898","-989898","-989898","-989898"
"Vancouver Island & Mainland Inlets","Pink (odd)",924,"Nahwitti (odd)","-989898","-989898","-989898","-989898","-989898","-989898","-989898","-989898","-989898"
"Vancouver Island & Mainland Inlets","Pink (odd)",925,"West Vancouver Island (odd)","-989898","-989898","-989898","-989898","-989898","-989898","-989898","-989898","-989898"
"Vancouver Island & Mainland Inlets","Pink (odd)",926,"Southern Fjords (odd)","-989898","-989898","-989898","-989898","-989898","-989898","-989898","-989898","-989898"
"Vancouver Island & Mainland Inlets","River sockeye",971,"Southern Fjords (river-type)","-989898","-989898","-989898","-989898","-989898","-989898","-989898","-989898","-989898"
"Vancouver Island & Mainland Inlets","River sockeye",972,"West Vancouver Island (river-type)","-989898","-989898","-989898","-989898","-989898","-989898","-989898","-989898","-989898"
"Vancouver Island & Mainland Inlets","River sockeye",973,"East Vancouver Island & Georgia Strait (river-type)","-989898","-989898","-989898","-989898","-989898","-989898","-989898","-989898","-989898"
"Vancouver Island & Mainland Inlets","River sockeye",974,"NW Vancouver Island (river-type)","-989898","-989898","-989898","-989898","-989898","-989898","-989898","-989898","-989898"
"Vancouver Island & Mainland Inlets","Steelhead",980,"South Coast Winter","-989898","-989898","-989898","-989898","-989898","-989898","-989898","-989898","-989898"
"Vancouver Island & Mainland Inlets","Steelhead",981,"East Vancouver Island Winter","-989898","-989898","-989898","-989898","-989898","-989898","-989898","-989898","-989898"
"Vancouver Island & Mainland Inlets","Steelhead",982,"West Vancouver Island Winter","-989898","-989898","-989898","-989898","-989898","-989898","-989898","-989898","-989898"
"Vancouver Island & Mainland Inlets","Steelhead",983,"South Coast Summer","-989898","-989898","-989898","-989898","-989898","-989898","-989898","-989898","-989898"
"Vancouver Island & Mainland Inlets","Steelhead",984,"West Vancouver Island Summer","-989898","-989898","-989898","-989898","-989898","-989898","-989898","-989898","-989898"
"Vancouver Island & Mainland Inlets","Steelhead",985,"East Vancouver Island Summer","-989898","-989898","-989898","-989898","-989898","-989898","-989898","-989898","-989898"
"Haida Gwaii","Chinook",805,"North Haida Gwaii","-989898","-989898","-989898","-989898","-989898","-989898","-989898","-989898","-989898"
"Haida Gwaii","Chinook",806,"East Haida Gwaii","-989898","-989898","-989898","-989898","-989898","-989898","-989898","-989898","-989898"
"Haida Gwaii","Chum",800,"North Haida Gwaii-Stanley Creek","-989898","-989898","-989898","-989898","-989898","-989898","-989898","-989898","-989898"
"Haida Gwaii","Chum",801,"East Haida Gwaii","-989898","-989898","-989898","-989898","-989898","-989898","-989898","-989898","-989898"
"Haida Gwaii","Chum",802,"North Haida Gwaii","-989898","-989898","-989898","-989898","-989898","-989898","-989898","-989898","-989898"
"Haida Gwaii","Chum",803,"West Haida Gwaii","-989898","-989898","-989898","-989898","-989898","-989898","-989898","-989898","-989898"
"Haida Gwaii","Chum",804,"Skidegate","-989898","-989898","-989898","-989898","-989898","-989898","-989898","-989898","-989898"
"Haida Gwaii","Coho",807,"East Haida Gwaii","-989898","-989898","-989898","-989898","-989898","-989898","-989898","-989898","-989898"
"Haida Gwaii","Coho",808,"West Haida Gwaii","-989898","-989898","-989898","-989898","-989898","-989898","-989898","-989898","-989898"
"Haida Gwaii","Coho",809,"Haida Gwaii-Graham Island Lowlands","-989898","-989898","-989898","-989898","-989898","-989898","-989898","-989898","-989898"
"Haida Gwaii","Lake sockeye",819,"Ain-Skundale-Ian","-989898","-989898","-989898","-989898","-989898","-989898","-989898","-989898","-989898"
"Haida Gwaii","Lake sockeye",820,"Awun","-989898","-989898","-989898","-989898","-989898","-989898","-989898","-989898","-989898"
"Haida Gwaii","Lake sockeye",821,"Fairfax","-989898","-989898","-989898","-989898","-989898","-989898","-989898","-989898","-989898"
"Haida Gwaii","Lake sockeye",822,"Jalun","-989898","-989898","-989898","-989898","-989898","-989898","-989898","-989898","-989898"
"Haida Gwaii","Lake sockeye",823,"Marian/Eden","-989898","-989898","-989898","-989898","-989898","-989898","-989898","-989898","-989898"
"Haida Gwaii","Lake sockeye",824,"Mathers","-989898","-989898","-989898","-989898","-989898","-989898","-989898","-989898","-989898"
"Haida Gwaii","Lake sockeye",825,"Mercer","-989898","-989898","-989898","-989898","-989898","-989898","-989898","-989898","-989898"
"Haida Gwaii","Lake sockeye",826,"Skidegate","-989898","-989898","-989898","-989898","-989898","-989898","-989898","-989898","-989898"
"Haida Gwaii","Lake sockeye",827,"Yakoun","-989898","-989898","-989898","-989898","-989898","-989898","-989898","-989898","-989898"
"Haida Gwaii","Lake sockeye",828,"Marie","-989898","-989898","-989898","-989898","-989898","-989898","-989898","-989898","-989898"
"Haida Gwaii","Pink (even)",810,"North Haida Gwaii (even)","-989898","-989898","-989898","-989898","-989898","-989898","-989898","-989898","-989898"
"Haida Gwaii","Pink (even)",811,"East Haida Gwaii (even)","-989898","-989898","-989898","-989898","-989898","-989898","-989898","-989898","-989898"
"Haida Gwaii","Pink (even)",812,"West Haida Gwaii (even)","-989898","-989898","-989898","-989898","-989898","-989898","-989898","-989898","-989898"
"Haida Gwaii","Pink (odd)",813,"East Haida Gwaii (odd)","-989898","-989898","-989898","-989898","-989898","-989898","-989898","-989898","-989898"
"Haida Gwaii","Pink (odd)",814,"North Haida Gwaii (odd)","-989898","-989898","-989898","-989898","-989898","-989898","-989898","-989898","-989898"
"Haida Gwaii","Pink (odd)",815,"West Haida Gwaii (odd)","-989898","-989898","-989898","-989898","-989898","-989898","-989898","-989898","-989898"
"Haida Gwaii","River sockeye",816,"East Haida Gwaii (river-type)","-989898","-989898","-989898","-989898","-989898","-989898","-989898","-989898","-989898"
"Haida Gwaii","River sockeye",817,"North Haida Gwaii (river-type)","-989898","-989898","-989898","-989898","-989898","-989898","-989898","-989898","-989898"
"Haida Gwaii","River sockeye",818,"West Haida Gwaii (river-type)","-989898","-989898","-989898","-989898","-989898","-989898","-989898","-989898","-989898"
"Haida Gwaii","Steelhead",880,"Haida Gwaii Winter","-989898","-989898","-989898","-989898","-989898","-989898","-989898","-989898","-989898"
"Columbia","Chinook",301,"Okanagan","Endangered","2015","https://www.canada.ca/en/environment-climate-change/services/species-risk-public-registry/cosewic-assessments-status-reports/chinook-salmon-okanagan-population-2017.html","Red","2023","https://publications.gc.ca/collections/collection_2025/mpo-dfo/fs70-7/Fs70-7-2025-003-eng.pdf","-989898","-989898","-989898"
"Columbia","Lake sockeye",1300,"Osoyoos","-989898","-989898","-989898","Amber","2023","https://publications.gc.ca/collections/collection_2025/mpo-dfo/fs70-6/Fs70-6-2024-060-eng.pdf","-989898","-989898","-989898"
"Columbia","Steelhead",1380,"Mid Columbia Summer","-989898","-989898","-989898","-989898","-989898","-989898","-989898","-989898","-989898"
"Northern Transboundary","Chinook",1004,"Alsek","-989898","-989898","-989898","-989898","-989898","-989898","-989898","-989898","-989898"
"Northern Transboundary","Chinook",1005,"Lynn Canal","-989898","-989898","-989898","-989898","-989898","-989898","-989898","-989898","-989898"
"Northern Transboundary","Chinook",1006,"Taku-Early Timing","-989898","-989898","-989898","-989898","-989898","-989898","-989898","-989898","-989898"
"Northern Transboundary","Chinook",1007,"Taku-Mid Timing","-989898","-989898","-989898","-989898","-989898","-989898","-989898","-989898","-989898"
"Northern Transboundary","Chinook",1008,"Taku-Late Timing","-989898","-989898","-989898","-989898","-989898","-989898","-989898","-989898","-989898"
"Northern Transboundary","Chinook",1009,"Whiting","-989898","-989898","-989898","-989898","-989898","-989898","-989898","-989898","-989898"
"Northern Transboundary","Chinook",1010,"Stikine-Early Timing","-989898","-989898","-989898","-989898","-989898","-989898","-989898","-989898","-989898"
"Northern Transboundary","Chinook",1011,"Stikine-Late Timing","-989898","-989898","-989898","-989898","-989898","-989898","-989898","-989898","-989898"
"Northern Transboundary","Chinook",1012,"Unuk","-989898","-989898","-989898","-989898","-989898","-989898","-989898","-989898","-989898"
"Northern Transboundary","Chum",1000,"Lynn Canal","-989898","-989898","-989898","-989898","-989898","-989898","-989898","-989898","-989898"
"Northern Transboundary","Chum",1001,"Taku","-989898","-989898","-989898","-989898","-989898","-989898","-989898","-989898","-989898"
"Northern Transboundary","Chum",1002,"Whiting","-989898","-989898","-989898","-989898","-989898","-989898","-989898","-989898","-989898"
"Northern Transboundary","Chum",1003,"Unuk","-989898","-989898","-989898","-989898","-989898","-989898","-989898","-989898","-989898"
"Northern Transboundary","Chum",1032,"Lower Stikine","-989898","-989898","-989898","-989898","-989898","-989898","-989898","-989898","-989898"
"Northern Transboundary","Coho",1013,"Alsek","-989898","-989898","-989898","-989898","-989898","-989898","-989898","-989898","-989898"
"Northern Transboundary","Coho",1014,"Lynn Canal","-989898","-989898","-989898","-989898","-989898","-989898","-989898","-989898","-989898"
"Northern Transboundary","Coho",1015,"Taku-Late Timing","-989898","-989898","-989898","-989898","-989898","-989898","-989898","-989898","-989898"
"Northern Transboundary","Coho",1016,"Whiting","-989898","-989898","-989898","-989898","-989898","-989898","-989898","-989898","-989898"
"Northern Transboundary","Coho",1017,"Lower Stikine","-989898","-989898","-989898","-989898","-989898","-989898","-989898","-989898","-989898"
"Northern Transboundary","Coho",1018,"Unuk","-989898","-989898","-989898","-989898","-989898","-989898","-989898","-989898","-989898"
"Northern Transboundary","Coho",1034,"Taku-Early Timing","-989898","-989898","-989898","-989898","-989898","-989898","-989898","-989898","-989898"
"Northern Transboundary","Coho",1035,"Taku-Mid Timing","-989898","-989898","-989898","-989898","-989898","-989898","-989898","-989898","-989898"
"Northern Transboundary","Lake sockeye",1024,"Border","-989898","-989898","-989898","-989898","-989898","-989898","-989898","-989898","-989898"
"Northern Transboundary","Lake sockeye",1025,"Christina","-989898","-989898","-989898","-989898","-989898","-989898","-989898","-989898","-989898"
"Northern Transboundary","Lake sockeye",1026,"Tahltan","-989898","-989898","-989898","-989898","-989898","-989898","-989898","-989898","-989898"
"Northern Transboundary","Lake sockeye",1027,"Kuthai","-989898","-989898","-989898","-989898","-989898","-989898","-989898","-989898","-989898"
"Northern Transboundary","Lake sockeye",1028,"Little Trapper","-989898","-989898","-989898","-989898","-989898","-989898","-989898","-989898","-989898"
"Northern Transboundary","Lake sockeye",1029,"Tatsamenie","-989898","-989898","-989898","-989898","-989898","-989898","-989898","-989898","-989898"
"Northern Transboundary","Lake sockeye",1031,"Blanchard","-989898","-989898","-989898","-989898","-989898","-989898","-989898","-989898","-989898"
"Northern Transboundary","Lake sockeye",1033,"King Salmon","-989898","-989898","-989898","-989898","-989898","-989898","-989898","-989898","-989898"
"Northern Transboundary","Lake sockeye",1036,"Chutine","-989898","-989898","-989898","-989898","-989898","-989898","-989898","-989898","-989898"
"Northern Transboundary","Lake sockeye",1037,"Whiting","-989898","-989898","-989898","-989898","-989898","-989898","-989898","-989898","-989898"
"Northern Transboundary","Lake sockeye",1038,"Klukshu","-989898","-989898","-989898","-989898","-989898","-989898","-989898","-989898","-989898"
"Northern Transboundary","Lake sockeye",1039,"Nesketahin","-989898","-989898","-989898","-989898","-989898","-989898","-989898","-989898","-989898"
"Northern Transboundary","Pink (even)",1019,"Transboundary Fjords (even)","-989898","-989898","-989898","-989898","-989898","-989898","-989898","-989898","-989898"
"Northern Transboundary","Pink (odd)",1020,"Transboundary Fjords (odd)","-989898","-989898","-989898","-989898","-989898","-989898","-989898","-989898","-989898"
"Northern Transboundary","River sockeye",1021,"Alsek (river-type)","-989898","-989898","-989898","-989898","-989898","-989898","-989898","-989898","-989898"
"Northern Transboundary","River sockeye",1022,"Chilkat (river-type)","-989898","-989898","-989898","-989898","-989898","-989898","-989898","-989898","-989898"
"Northern Transboundary","River sockeye",1023,"Northern Transboundary Fjords (river-type)","-989898","-989898","-989898","-989898","-989898","-989898","-989898","-989898","-989898"
"Northern Transboundary","Steelhead",1080,"Alsek Summer","-989898","-989898","-989898","-989898","-989898","-989898","-989898","-989898","-989898"
"Northern Transboundary","Steelhead",1081,"Taku Summer","-989898","-989898","-989898","-989898","-989898","-989898","-989898","-989898","-989898"
"Northern Transboundary","Steelhead",1082,"Taku Winter","-989898","-989898","-989898","-989898","-989898","-989898","-989898","-989898","-989898"
"Northern Transboundary","Steelhead",1083,"Stikine Summer","-989898","-989898","-989898","-989898","-989898","-989898","-989898","-989898","-989898"
"Northern Transboundary","Steelhead",1084,"Stikine Winter","-989898","-989898","-989898","-989898","-989898","-989898","-989898","-989898","-989898"
