"region","SPECIES","Year","count"
"Central Coast","Chinook",1934,6
"Central Coast","Chinook",1935,5
"Central Coast","Chinook",1936,5
"Central Coast","Chinook",1937,5
"Central Coast","Chinook",1938,5
"Central Coast","Chinook",1939,5
"Central Coast","Chinook",1940,5
"Central Coast","Chinook",1941,3
"Central Coast","Chinook",1942,3
"Central Coast","Chinook",1944,1
"Central Coast","Chinook",1945,3
"Central Coast","Chinook",1946,1
"Central Coast","Chinook",1947,1
"Central Coast","Chinook",1948,4
"Central Coast","Chinook",1949,9
"Central Coast","Chinook",1950,16
"Central Coast","Chinook",1951,16
"Central Coast","Chinook",1952,9
"Central Coast","Chinook",1953,17
"Central Coast","Chinook",1954,15
"Central Coast","Chinook",1955,15
"Central Coast","Chinook",1956,18
"Central Coast","Chinook",1957,12
"Central Coast","Chinook",1958,16
"Central Coast","Chinook",1959,26
"Central Coast","Chinook",1960,22
"Central Coast","Chinook",1961,15
"Central Coast","Chinook",1962,18
"Central Coast","Chinook",1963,21
"Central Coast","Chinook",1964,22
"Central Coast","Chinook",1965,19
"Central Coast","Chinook",1966,17
"Central Coast","Chinook",1967,23
"Central Coast","Chinook",1968,20
"Central Coast","Chinook",1969,22
"Central Coast","Chinook",1970,24
"Central Coast","Chinook",1971,26
"Central Coast","Chinook",1972,24
"Central Coast","Chinook",1973,25
"Central Coast","Chinook",1974,25
"Central Coast","Chinook",1975,27
"Central Coast","Chinook",1976,26
"Central Coast","Chinook",1977,33
"Central Coast","Chinook",1978,28
"Central Coast","Chinook",1979,24
"Central Coast","Chinook",1980,28
"Central Coast","Chinook",1981,30
"Central Coast","Chinook",1982,33
"Central Coast","Chinook",1983,32
"Central Coast","Chinook",1984,27
"Central Coast","Chinook",1985,33
"Central Coast","Chinook",1986,37
"Central Coast","Chinook",1987,31
"Central Coast","Chinook",1988,35
"Central Coast","Chinook",1989,37
"Central Coast","Chinook",1990,22
"Central Coast","Chinook",1991,26
"Central Coast","Chinook",1992,24
"Central Coast","Chinook",1993,22
"Central Coast","Chinook",1994,25
"Central Coast","Chinook",1995,14
"Central Coast","Chinook",1996,14
"Central Coast","Chinook",1997,16
"Central Coast","Chinook",1998,16
"Central Coast","Chinook",1999,22
"Central Coast","Chinook",2000,12
"Central Coast","Chinook",2001,16
"Central Coast","Chinook",2002,18
"Central Coast","Chinook",2003,15
"Central Coast","Chinook",2004,17
"Central Coast","Chinook",2005,14
"Central Coast","Chinook",2006,14
"Central Coast","Chinook",2007,11
"Central Coast","Chinook",2008,12
"Central Coast","Chinook",2009,13
"Central Coast","Chinook",2010,13
"Central Coast","Chinook",2011,8
"Central Coast","Chinook",2012,10
"Central Coast","Chinook",2013,9
"Central Coast","Chinook",2014,10
"Central Coast","Chinook",2015,6
"Central Coast","Chinook",2016,8
"Central Coast","Chinook",2017,8
"Central Coast","Chinook",2018,16
"Central Coast","Chinook",2019,15
"Central Coast","Chinook",2020,15
"Central Coast","Chinook",2021,12
"Central Coast","Chinook",2022,9
"Central Coast","Chum",1934,93
"Central Coast","Chum",1935,104
"Central Coast","Chum",1936,106
"Central Coast","Chum",1937,99
"Central Coast","Chum",1938,104
"Central Coast","Chum",1939,102
"Central Coast","Chum",1940,92
"Central Coast","Chum",1941,102
"Central Coast","Chum",1942,102
"Central Coast","Chum",1943,103
"Central Coast","Chum",1944,96
"Central Coast","Chum",1945,103
"Central Coast","Chum",1946,106
"Central Coast","Chum",1947,105
"Central Coast","Chum",1948,106
"Central Coast","Chum",1949,119
"Central Coast","Chum",1950,203
"Central Coast","Chum",1951,199
"Central Coast","Chum",1952,128
"Central Coast","Chum",1953,206
"Central Coast","Chum",1954,207
"Central Coast","Chum",1955,209
"Central Coast","Chum",1956,209
"Central Coast","Chum",1957,190
"Central Coast","Chum",1958,198
"Central Coast","Chum",1959,194
"Central Coast","Chum",1960,196
"Central Coast","Chum",1961,184
"Central Coast","Chum",1962,198
"Central Coast","Chum",1963,198
"Central Coast","Chum",1964,194
"Central Coast","Chum",1965,140
"Central Coast","Chum",1966,151
"Central Coast","Chum",1967,170
"Central Coast","Chum",1968,171
"Central Coast","Chum",1969,164
"Central Coast","Chum",1970,178
"Central Coast","Chum",1971,164
"Central Coast","Chum",1972,175
"Central Coast","Chum",1973,181
"Central Coast","Chum",1974,162
"Central Coast","Chum",1975,149
"Central Coast","Chum",1976,150
"Central Coast","Chum",1977,177
"Central Coast","Chum",1978,183
"Central Coast","Chum",1979,176
"Central Coast","Chum",1980,162
"Central Coast","Chum",1981,180
"Central Coast","Chum",1982,195
"Central Coast","Chum",1983,192
"Central Coast","Chum",1984,205
"Central Coast","Chum",1985,237
"Central Coast","Chum",1986,226
"Central Coast","Chum",1987,215
"Central Coast","Chum",1988,221
"Central Coast","Chum",1989,214
"Central Coast","Chum",1990,194
"Central Coast","Chum",1991,183
"Central Coast","Chum",1992,166
"Central Coast","Chum",1993,173
"Central Coast","Chum",1994,138
"Central Coast","Chum",1995,141
"Central Coast","Chum",1996,159
"Central Coast","Chum",1997,136
"Central Coast","Chum",1998,167
"Central Coast","Chum",1999,123
"Central Coast","Chum",2000,121
"Central Coast","Chum",2001,122
"Central Coast","Chum",2002,132
"Central Coast","Chum",2003,122
"Central Coast","Chum",2004,138
"Central Coast","Chum",2005,116
"Central Coast","Chum",2006,128
"Central Coast","Chum",2007,103
"Central Coast","Chum",2008,102
"Central Coast","Chum",2009,133
"Central Coast","Chum",2010,130
"Central Coast","Chum",2011,104
"Central Coast","Chum",2012,118
"Central Coast","Chum",2013,104
"Central Coast","Chum",2014,109
"Central Coast","Chum",2015,93
"Central Coast","Chum",2016,110
"Central Coast","Chum",2017,90
"Central Coast","Chum",2018,115
"Central Coast","Chum",2019,115
"Central Coast","Chum",2020,87
"Central Coast","Chum",2021,107
"Central Coast","Chum",2022,117
"Central Coast","Coho",1934,89
"Central Coast","Coho",1935,93
"Central Coast","Coho",1936,94
"Central Coast","Coho",1937,90
"Central Coast","Coho",1938,94
"Central Coast","Coho",1939,96
"Central Coast","Coho",1940,90
"Central Coast","Coho",1941,95
"Central Coast","Coho",1942,102
"Central Coast","Coho",1943,102
"Central Coast","Coho",1944,97
"Central Coast","Coho",1945,99
"Central Coast","Coho",1946,101
"Central Coast","Coho",1947,100
"Central Coast","Coho",1948,106
"Central Coast","Coho",1949,115
"Central Coast","Coho",1950,170
"Central Coast","Coho",1951,177
"Central Coast","Coho",1952,117
"Central Coast","Coho",1953,195
"Central Coast","Coho",1954,188
"Central Coast","Coho",1955,193
"Central Coast","Coho",1956,189
"Central Coast","Coho",1957,143
"Central Coast","Coho",1958,165
"Central Coast","Coho",1959,164
"Central Coast","Coho",1960,145
"Central Coast","Coho",1961,174
"Central Coast","Coho",1962,161
"Central Coast","Coho",1963,169
"Central Coast","Coho",1964,163
"Central Coast","Coho",1965,138
"Central Coast","Coho",1966,130
"Central Coast","Coho",1967,145
"Central Coast","Coho",1968,155
"Central Coast","Coho",1969,147
"Central Coast","Coho",1970,143
"Central Coast","Coho",1971,140
"Central Coast","Coho",1972,150
"Central Coast","Coho",1973,140
"Central Coast","Coho",1974,144
"Central Coast","Coho",1975,108
"Central Coast","Coho",1976,127
"Central Coast","Coho",1977,133
"Central Coast","Coho",1978,127
"Central Coast","Coho",1979,149
"Central Coast","Coho",1980,127
"Central Coast","Coho",1981,136
"Central Coast","Coho",1982,138
"Central Coast","Coho",1983,135
"Central Coast","Coho",1984,181
"Central Coast","Coho",1985,169
"Central Coast","Coho",1986,196
"Central Coast","Coho",1987,151
"Central Coast","Coho",1988,108
"Central Coast","Coho",1989,118
"Central Coast","Coho",1990,96
"Central Coast","Coho",1991,116
"Central Coast","Coho",1992,104
"Central Coast","Coho",1993,85
"Central Coast","Coho",1994,46
"Central Coast","Coho",1995,36
"Central Coast","Coho",1996,36
"Central Coast","Coho",1997,45
"Central Coast","Coho",1998,98
"Central Coast","Coho",1999,65
"Central Coast","Coho",2000,51
"Central Coast","Coho",2001,39
"Central Coast","Coho",2002,54
"Central Coast","Coho",2003,61
"Central Coast","Coho",2004,65
"Central Coast","Coho",2005,59
"Central Coast","Coho",2006,59
"Central Coast","Coho",2007,53
"Central Coast","Coho",2008,45
"Central Coast","Coho",2009,37
"Central Coast","Coho",2010,49
"Central Coast","Coho",2011,57
"Central Coast","Coho",2012,52
"Central Coast","Coho",2013,64
"Central Coast","Coho",2014,51
"Central Coast","Coho",2015,53
"Central Coast","Coho",2016,49
"Central Coast","Coho",2017,55
"Central Coast","Coho",2018,50
"Central Coast","Coho",2019,63
"Central Coast","Coho",2020,58
"Central Coast","Coho",2021,51
"Central Coast","Coho",2022,53
"Central Coast","Pink",1934,93
"Central Coast","Pink",1935,96
"Central Coast","Pink",1936,100
"Central Coast","Pink",1937,96
"Central Coast","Pink",1938,99
"Central Coast","Pink",1939,104
"Central Coast","Pink",1940,91
"Central Coast","Pink",1941,100
"Central Coast","Pink",1942,95
"Central Coast","Pink",1943,103
"Central Coast","Pink",1944,94
"Central Coast","Pink",1945,99
"Central Coast","Pink",1946,103
"Central Coast","Pink",1947,102
"Central Coast","Pink",1948,105
"Central Coast","Pink",1949,118
"Central Coast","Pink",1950,189
"Central Coast","Pink",1951,196
"Central Coast","Pink",1952,185
"Central Coast","Pink",1953,198
"Central Coast","Pink",1954,195
"Central Coast","Pink",1955,202
"Central Coast","Pink",1956,195
"Central Coast","Pink",1957,167
"Central Coast","Pink",1958,179
"Central Coast","Pink",1959,190
"Central Coast","Pink",1960,188
"Central Coast","Pink",1961,189
"Central Coast","Pink",1962,199
"Central Coast","Pink",1963,191
"Central Coast","Pink",1964,187
"Central Coast","Pink",1965,141
"Central Coast","Pink",1966,161
"Central Coast","Pink",1967,121
"Central Coast","Pink",1968,184
"Central Coast","Pink",1969,126
"Central Coast","Pink",1970,178
"Central Coast","Pink",1971,166
"Central Coast","Pink",1972,197
"Central Coast","Pink",1973,165
"Central Coast","Pink",1974,191
"Central Coast","Pink",1975,168
"Central Coast","Pink",1976,196
"Central Coast","Pink",1977,177
"Central Coast","Pink",1978,216
"Central Coast","Pink",1979,188
"Central Coast","Pink",1980,208
"Central Coast","Pink",1981,207
"Central Coast","Pink",1982,201
"Central Coast","Pink",1983,221
"Central Coast","Pink",1984,212
"Central Coast","Pink",1985,259
"Central Coast","Pink",1986,247
"Central Coast","Pink",1987,224
"Central Coast","Pink",1988,238
"Central Coast","Pink",1989,217
"Central Coast","Pink",1990,225
"Central Coast","Pink",1991,197
"Central Coast","Pink",1992,190
"Central Coast","Pink",1993,174
"Central Coast","Pink",1994,155
"Central Coast","Pink",1995,140
"Central Coast","Pink",1996,173
"Central Coast","Pink",1997,139
"Central Coast","Pink",1998,169
"Central Coast","Pink",1999,137
"Central Coast","Pink",2000,148
"Central Coast","Pink",2001,148
"Central Coast","Pink",2002,152
"Central Coast","Pink",2003,122
"Central Coast","Pink",2004,131
"Central Coast","Pink",2005,141
"Central Coast","Pink",2006,111
"Central Coast","Pink",2007,141
"Central Coast","Pink",2008,102
"Central Coast","Pink",2009,157
"Central Coast","Pink",2010,121
"Central Coast","Pink",2011,109
"Central Coast","Pink",2012,118
"Central Coast","Pink",2013,133
"Central Coast","Pink",2014,114
"Central Coast","Pink",2015,88
"Central Coast","Pink",2016,98
"Central Coast","Pink",2017,97
"Central Coast","Pink",2018,93
"Central Coast","Pink",2019,102
"Central Coast","Pink",2020,105
"Central Coast","Pink",2021,117
"Central Coast","Pink",2022,109
"Central Coast","Sockeye",1934,41
"Central Coast","Sockeye",1935,42
"Central Coast","Sockeye",1936,42
"Central Coast","Sockeye",1937,40
"Central Coast","Sockeye",1938,41
"Central Coast","Sockeye",1939,42
"Central Coast","Sockeye",1940,37
"Central Coast","Sockeye",1941,39
"Central Coast","Sockeye",1942,41
"Central Coast","Sockeye",1943,40
"Central Coast","Sockeye",1944,35
"Central Coast","Sockeye",1945,34
"Central Coast","Sockeye",1946,36
"Central Coast","Sockeye",1947,36
"Central Coast","Sockeye",1948,42
"Central Coast","Sockeye",1949,44
"Central Coast","Sockeye",1950,72
"Central Coast","Sockeye",1951,69
"Central Coast","Sockeye",1952,53
"Central Coast","Sockeye",1953,75
"Central Coast","Sockeye",1954,72
"Central Coast","Sockeye",1955,74
"Central Coast","Sockeye",1956,70
"Central Coast","Sockeye",1957,71
"Central Coast","Sockeye",1958,72
"Central Coast","Sockeye",1959,79
"Central Coast","Sockeye",1960,76
"Central Coast","Sockeye",1961,78
"Central Coast","Sockeye",1962,77
"Central Coast","Sockeye",1963,75
"Central Coast","Sockeye",1964,81
"Central Coast","Sockeye",1965,49
"Central Coast","Sockeye",1966,59
"Central Coast","Sockeye",1967,67
"Central Coast","Sockeye",1968,65
"Central Coast","Sockeye",1969,59
"Central Coast","Sockeye",1970,54
"Central Coast","Sockeye",1971,60
"Central Coast","Sockeye",1972,63
"Central Coast","Sockeye",1973,63
"Central Coast","Sockeye",1974,63
"Central Coast","Sockeye",1975,52
"Central Coast","Sockeye",1976,55
"Central Coast","Sockeye",1977,57
"Central Coast","Sockeye",1978,63
"Central Coast","Sockeye",1979,63
"Central Coast","Sockeye",1980,56
"Central Coast","Sockeye",1981,61
"Central Coast","Sockeye",1982,61
"Central Coast","Sockeye",1983,64
"Central Coast","Sockeye",1984,61
"Central Coast","Sockeye",1985,98
"Central Coast","Sockeye",1986,81
"Central Coast","Sockeye",1987,79
"Central Coast","Sockeye",1988,75
"Central Coast","Sockeye",1989,86
"Central Coast","Sockeye",1990,67
"Central Coast","Sockeye",1991,79
"Central Coast","Sockeye",1992,81
"Central Coast","Sockeye",1993,71
"Central Coast","Sockeye",1994,45
"Central Coast","Sockeye",1995,53
"Central Coast","Sockeye",1996,43
"Central Coast","Sockeye",1997,62
"Central Coast","Sockeye",1998,54
"Central Coast","Sockeye",1999,38
"Central Coast","Sockeye",2000,51
"Central Coast","Sockeye",2001,42
"Central Coast","Sockeye",2002,38
"Central Coast","Sockeye",2003,37
"Central Coast","Sockeye",2004,47
"Central Coast","Sockeye",2005,37
"Central Coast","Sockeye",2006,42
"Central Coast","Sockeye",2007,29
"Central Coast","Sockeye",2008,29
"Central Coast","Sockeye",2009,28
"Central Coast","Sockeye",2010,32
"Central Coast","Sockeye",2011,27
"Central Coast","Sockeye",2012,36
"Central Coast","Sockeye",2013,39
"Central Coast","Sockeye",2014,40
"Central Coast","Sockeye",2015,39
"Central Coast","Sockeye",2016,42
"Central Coast","Sockeye",2017,40
"Central Coast","Sockeye",2018,41
"Central Coast","Sockeye",2019,42
"Central Coast","Sockeye",2020,28
"Central Coast","Sockeye",2021,40
"Central Coast","Sockeye",2022,39
"Columbia","Chinook",1997,1
"Columbia","Chinook",1998,1
"Columbia","Chinook",2006,1
"Columbia","Chinook",2007,1
"Columbia","Chinook",2008,1
"Columbia","Chinook",2009,1
"Columbia","Chinook",2010,1
"Columbia","Chinook",2011,1
"Columbia","Chinook",2012,1
"Columbia","Chinook",2013,1
"Columbia","Chinook",2014,1
"Columbia","Chinook",2015,1
"Columbia","Chinook",2016,1
"Columbia","Chinook",2017,1
"Columbia","Chinook",2018,1
"Columbia","Chinook",2019,1
"Columbia","Chinook",2020,1
"Columbia","Chinook",2021,1
"Columbia","Chinook",2022,1
"Columbia","Sockeye",1997,1
"Columbia","Sockeye",1998,1
"Columbia","Sockeye",1999,1
"Fraser","Chinook",1951,39
"Fraser","Chinook",1952,39
"Fraser","Chinook",1953,44
"Fraser","Chinook",1954,41
"Fraser","Chinook",1955,39
"Fraser","Chinook",1956,33
"Fraser","Chinook",1957,43
"Fraser","Chinook",1958,45
"Fraser","Chinook",1959,43
"Fraser","Chinook",1960,49
"Fraser","Chinook",1961,51
"Fraser","Chinook",1962,56
"Fraser","Chinook",1963,53
"Fraser","Chinook",1964,52
"Fraser","Chinook",1965,47
"Fraser","Chinook",1966,48
"Fraser","Chinook",1967,56
"Fraser","Chinook",1968,54
"Fraser","Chinook",1969,53
"Fraser","Chinook",1970,54
"Fraser","Chinook",1971,59
"Fraser","Chinook",1972,62
"Fraser","Chinook",1973,57
"Fraser","Chinook",1974,62
"Fraser","Chinook",1975,65
"Fraser","Chinook",1976,66
"Fraser","Chinook",1977,67
"Fraser","Chinook",1978,69
"Fraser","Chinook",1979,71
"Fraser","Chinook",1980,68
"Fraser","Chinook",1981,73
"Fraser","Chinook",1982,73
"Fraser","Chinook",1983,70
"Fraser","Chinook",1984,68
"Fraser","Chinook",1985,70
"Fraser","Chinook",1986,74
"Fraser","Chinook",1987,72
"Fraser","Chinook",1988,75
"Fraser","Chinook",1989,68
"Fraser","Chinook",1990,73
"Fraser","Chinook",1991,72
"Fraser","Chinook",1992,68
"Fraser","Chinook",1993,66
"Fraser","Chinook",1994,73
"Fraser","Chinook",1995,66
"Fraser","Chinook",1996,92
"Fraser","Chinook",1997,77
"Fraser","Chinook",1998,87
"Fraser","Chinook",1999,84
"Fraser","Chinook",2000,94
"Fraser","Chinook",2001,92
"Fraser","Chinook",2002,94
"Fraser","Chinook",2003,89
"Fraser","Chinook",2004,84
"Fraser","Chinook",2005,78
"Fraser","Chinook",2006,84
"Fraser","Chinook",2007,77
"Fraser","Chinook",2008,86
"Fraser","Chinook",2009,86
"Fraser","Chinook",2010,89
"Fraser","Chinook",2011,87
"Fraser","Chinook",2012,83
"Fraser","Chinook",2013,80
"Fraser","Chinook",2014,87
"Fraser","Chinook",2015,81
"Fraser","Chinook",2016,77
"Fraser","Chinook",2017,78
"Fraser","Chinook",2018,74
"Fraser","Chinook",2019,70
"Fraser","Chinook",2020,71
"Fraser","Chinook",2021,75
"Fraser","Chinook",2022,76
"Fraser","Chum",1953,40
"Fraser","Chum",1954,35
"Fraser","Chum",1955,34
"Fraser","Chum",1956,33
"Fraser","Chum",1957,39
"Fraser","Chum",1958,41
"Fraser","Chum",1959,39
"Fraser","Chum",1960,35
"Fraser","Chum",1961,40
"Fraser","Chum",1962,35
"Fraser","Chum",1963,36
"Fraser","Chum",1964,37
"Fraser","Chum",1965,37
"Fraser","Chum",1966,39
"Fraser","Chum",1967,36
"Fraser","Chum",1968,38
"Fraser","Chum",1969,39
"Fraser","Chum",1970,35
"Fraser","Chum",1971,36
"Fraser","Chum",1972,35
"Fraser","Chum",1973,36
"Fraser","Chum",1974,40
"Fraser","Chum",1975,39
"Fraser","Chum",1976,40
"Fraser","Chum",1977,44
"Fraser","Chum",1978,47
"Fraser","Chum",1979,44
"Fraser","Chum",1980,52
"Fraser","Chum",1981,52
"Fraser","Chum",1982,55
"Fraser","Chum",1983,54
"Fraser","Chum",1984,60
"Fraser","Chum",1985,66
"Fraser","Chum",1986,61
"Fraser","Chum",1987,46
"Fraser","Chum",1988,43
"Fraser","Chum",1989,43
"Fraser","Chum",1990,50
"Fraser","Chum",1991,59
"Fraser","Chum",1992,44
"Fraser","Chum",1993,55
"Fraser","Chum",1994,6
"Fraser","Chum",1995,25
"Fraser","Chum",1996,10
"Fraser","Chum",1997,17
"Fraser","Chum",1998,21
"Fraser","Chum",1999,25
"Fraser","Chum",2000,8
"Fraser","Chum",2001,18
"Fraser","Chum",2002,17
"Fraser","Chum",2003,1
"Fraser","Chum",2004,18
"Fraser","Chum",2005,15
"Fraser","Chum",2006,17
"Fraser","Chum",2007,27
"Fraser","Chum",2008,21
"Fraser","Chum",2009,32
"Fraser","Chum",2010,32
"Fraser","Chum",2011,21
"Fraser","Chum",2012,38
"Fraser","Chum",2013,38
"Fraser","Chum",2014,30
"Fraser","Chum",2015,35
"Fraser","Chum",2016,31
"Fraser","Chum",2017,15
"Fraser","Chum",2018,11
"Fraser","Chum",2019,27
"Fraser","Chum",2020,15
"Fraser","Coho",1951,59
"Fraser","Coho",1952,57
"Fraser","Coho",1953,63
"Fraser","Coho",1954,63
"Fraser","Coho",1955,60
"Fraser","Coho",1956,63
"Fraser","Coho",1957,65
"Fraser","Coho",1958,72
"Fraser","Coho",1959,67
"Fraser","Coho",1960,67
"Fraser","Coho",1961,70
"Fraser","Coho",1962,67
"Fraser","Coho",1963,67
"Fraser","Coho",1964,68
"Fraser","Coho",1965,75
"Fraser","Coho",1966,71
"Fraser","Coho",1967,71
"Fraser","Coho",1968,71
"Fraser","Coho",1969,73
"Fraser","Coho",1970,71
"Fraser","Coho",1971,72
"Fraser","Coho",1972,70
"Fraser","Coho",1973,74
"Fraser","Coho",1974,75
"Fraser","Coho",1975,106
"Fraser","Coho",1976,112
"Fraser","Coho",1977,121
"Fraser","Coho",1978,127
"Fraser","Coho",1979,122
"Fraser","Coho",1980,122
"Fraser","Coho",1981,119
"Fraser","Coho",1982,132
"Fraser","Coho",1983,121
"Fraser","Coho",1984,125
"Fraser","Coho",1985,116
"Fraser","Coho",1986,138
"Fraser","Coho",1987,120
"Fraser","Coho",1988,119
"Fraser","Coho",1989,134
"Fraser","Coho",1990,127
"Fraser","Coho",1991,106
"Fraser","Coho",1992,126
"Fraser","Coho",1993,103
"Fraser","Coho",1994,62
"Fraser","Coho",1995,85
"Fraser","Coho",1996,70
"Fraser","Coho",1997,83
"Fraser","Coho",1998,86
"Fraser","Coho",1999,70
"Fraser","Coho",2000,71
"Fraser","Coho",2001,95
"Fraser","Coho",2002,95
"Fraser","Coho",2003,64
"Fraser","Coho",2004,89
"Fraser","Coho",2005,68
"Fraser","Coho",2006,51
"Fraser","Coho",2007,71
"Fraser","Coho",2008,77
"Fraser","Coho",2009,74
"Fraser","Coho",2010,88
"Fraser","Coho",2011,79
"Fraser","Coho",2012,71
"Fraser","Coho",2013,70
"Fraser","Coho",2014,68
"Fraser","Coho",2015,64
"Fraser","Coho",2016,74
"Fraser","Coho",2017,61
"Fraser","Coho",2018,75
"Fraser","Coho",2019,70
"Fraser","Coho",2020,72
"Fraser","Coho",2021,79
"Fraser","Pink",1953,1
"Fraser","Pink",1957,33
"Fraser","Pink",1959,38
"Fraser","Pink",1961,34
"Fraser","Pink",1963,42
"Fraser","Pink",1965,44
"Fraser","Pink",1967,41
"Fraser","Pink",1969,29
"Fraser","Pink",1971,37
"Fraser","Pink",1973,30
"Fraser","Pink",1975,30
"Fraser","Pink",1977,35
"Fraser","Pink",1979,39
"Fraser","Pink",1981,40
"Fraser","Pink",1983,43
"Fraser","Pink",1985,43
"Fraser","Pink",1987,41
"Fraser","Pink",1989,42
"Fraser","Pink",1991,52
"Fraser","Pink",1993,1
"Fraser","Pink",1995,1
"Fraser","Pink",1997,5
"Fraser","Pink",1999,2
"Fraser","Pink",2001,1
"Fraser","Sockeye",1938,30
"Fraser","Sockeye",1939,26
"Fraser","Sockeye",1940,32
"Fraser","Sockeye",1941,40
"Fraser","Sockeye",1942,34
"Fraser","Sockeye",1943,22
"Fraser","Sockeye",1944,28
"Fraser","Sockeye",1945,39
"Fraser","Sockeye",1946,46
"Fraser","Sockeye",1947,29
"Fraser","Sockeye",1948,28
"Fraser","Sockeye",1949,57
"Fraser","Sockeye",1950,60
"Fraser","Sockeye",1951,44
"Fraser","Sockeye",1952,49
"Fraser","Sockeye",1953,72
"Fraser","Sockeye",1954,61
"Fraser","Sockeye",1955,40
"Fraser","Sockeye",1956,50
"Fraser","Sockeye",1957,67
"Fraser","Sockeye",1958,64
"Fraser","Sockeye",1959,43
"Fraser","Sockeye",1960,47
"Fraser","Sockeye",1961,66
"Fraser","Sockeye",1962,69
"Fraser","Sockeye",1963,46
"Fraser","Sockeye",1964,42
"Fraser","Sockeye",1965,61
"Fraser","Sockeye",1966,57
"Fraser","Sockeye",1967,49
"Fraser","Sockeye",1968,42
"Fraser","Sockeye",1969,64
"Fraser","Sockeye",1970,65
"Fraser","Sockeye",1971,64
"Fraser","Sockeye",1972,60
"Fraser","Sockeye",1973,70
"Fraser","Sockeye",1974,75
"Fraser","Sockeye",1975,73
"Fraser","Sockeye",1976,61
"Fraser","Sockeye",1977,84
"Fraser","Sockeye",1978,77
"Fraser","Sockeye",1979,72
"Fraser","Sockeye",1980,56
"Fraser","Sockeye",1981,86
"Fraser","Sockeye",1982,83
"Fraser","Sockeye",1983,72
"Fraser","Sockeye",1984,65
"Fraser","Sockeye",1985,84
"Fraser","Sockeye",1986,89
"Fraser","Sockeye",1987,77
"Fraser","Sockeye",1988,81
"Fraser","Sockeye",1989,97
"Fraser","Sockeye",1990,105
"Fraser","Sockeye",1991,94
"Fraser","Sockeye",1992,79
"Fraser","Sockeye",1993,104
"Fraser","Sockeye",1994,113
"Fraser","Sockeye",1995,94
"Fraser","Sockeye",1996,93
"Fraser","Sockeye",1997,110
"Fraser","Sockeye",1998,119
"Fraser","Sockeye",1999,116
"Fraser","Sockeye",2000,105
"Fraser","Sockeye",2001,183
"Fraser","Sockeye",2002,147
"Fraser","Sockeye",2003,125
"Fraser","Sockeye",2004,89
"Fraser","Sockeye",2005,142
"Fraser","Sockeye",2006,169
"Fraser","Sockeye",2007,111
"Fraser","Sockeye",2008,83
"Fraser","Sockeye",2009,142
"Fraser","Sockeye",2010,188
"Fraser","Sockeye",2011,118
"Fraser","Sockeye",2012,88
"Fraser","Sockeye",2013,156
"Fraser","Sockeye",2014,188
"Fraser","Sockeye",2015,112
"Fraser","Sockeye",2016,88
"Fraser","Sockeye",2017,126
"Fraser","Sockeye",2018,181
"Fraser","Sockeye",2019,89
"Fraser","Sockeye",2020,63
"Fraser","Sockeye",2021,129
"Fraser","Sockeye",2022,173
"Haida Gwaii","Chinook",1935,1
"Haida Gwaii","Chinook",1936,1
"Haida Gwaii","Chinook",1938,1
"Haida Gwaii","Chinook",1939,1
"Haida Gwaii","Chinook",1940,1
"Haida Gwaii","Chinook",1942,1
"Haida Gwaii","Chinook",1943,1
"Haida Gwaii","Chinook",1944,1
"Haida Gwaii","Chinook",1947,1
"Haida Gwaii","Chinook",1948,1
"Haida Gwaii","Chinook",1952,1
"Haida Gwaii","Chinook",1956,1
"Haida Gwaii","Chinook",1957,1
"Haida Gwaii","Chinook",1959,1
"Haida Gwaii","Chinook",1960,1
"Haida Gwaii","Chinook",1961,1
"Haida Gwaii","Chinook",1962,1
"Haida Gwaii","Chinook",1964,1
"Haida Gwaii","Chinook",1965,1
"Haida Gwaii","Chinook",1966,1
"Haida Gwaii","Chinook",1967,1
"Haida Gwaii","Chinook",1968,2
"Haida Gwaii","Chinook",1969,1
"Haida Gwaii","Chinook",1970,1
"Haida Gwaii","Chinook",1971,1
"Haida Gwaii","Chinook",1972,1
"Haida Gwaii","Chinook",1973,1
"Haida Gwaii","Chinook",1974,1
"Haida Gwaii","Chinook",1975,1
"Haida Gwaii","Chinook",1976,1
"Haida Gwaii","Chinook",1977,1
"Haida Gwaii","Chinook",1978,1
"Haida Gwaii","Chinook",1979,2
"Haida Gwaii","Chinook",1980,1
"Haida Gwaii","Chinook",1981,2
"Haida Gwaii","Chinook",1982,1
"Haida Gwaii","Chinook",1983,1
"Haida Gwaii","Chinook",1984,1
"Haida Gwaii","Chinook",1985,1
"Haida Gwaii","Chinook",1986,1
"Haida Gwaii","Chinook",1987,1
"Haida Gwaii","Chinook",1988,1
"Haida Gwaii","Chinook",1989,1
"Haida Gwaii","Chinook",1990,3
"Haida Gwaii","Chinook",1991,2
"Haida Gwaii","Chinook",1992,1
"Haida Gwaii","Chinook",1993,1
"Haida Gwaii","Chinook",1994,1
"Haida Gwaii","Chinook",1995,2
"Haida Gwaii","Chinook",1996,1
"Haida Gwaii","Chinook",1997,1
"Haida Gwaii","Chinook",1998,1
"Haida Gwaii","Chinook",1999,1
"Haida Gwaii","Chinook",2000,2
"Haida Gwaii","Chinook",2002,2
"Haida Gwaii","Chinook",2003,1
"Haida Gwaii","Chinook",2005,1
"Haida Gwaii","Chinook",2006,1
"Haida Gwaii","Chum",1926,1
"Haida Gwaii","Chum",1927,1
"Haida Gwaii","Chum",1928,1
"Haida Gwaii","Chum",1929,1
"Haida Gwaii","Chum",1934,50
"Haida Gwaii","Chum",1935,63
"Haida Gwaii","Chum",1936,61
"Haida Gwaii","Chum",1937,56
"Haida Gwaii","Chum",1938,51
"Haida Gwaii","Chum",1939,55
"Haida Gwaii","Chum",1940,63
"Haida Gwaii","Chum",1941,67
"Haida Gwaii","Chum",1942,61
"Haida Gwaii","Chum",1943,57
"Haida Gwaii","Chum",1944,58
"Haida Gwaii","Chum",1945,67
"Haida Gwaii","Chum",1946,46
"Haida Gwaii","Chum",1947,88
"Haida Gwaii","Chum",1948,89
"Haida Gwaii","Chum",1949,84
"Haida Gwaii","Chum",1950,86
"Haida Gwaii","Chum",1951,103
"Haida Gwaii","Chum",1952,100
"Haida Gwaii","Chum",1953,102
"Haida Gwaii","Chum",1954,105
"Haida Gwaii","Chum",1955,76
"Haida Gwaii","Chum",1956,75
"Haida Gwaii","Chum",1957,87
"Haida Gwaii","Chum",1958,107
"Haida Gwaii","Chum",1959,54
"Haida Gwaii","Chum",1960,86
"Haida Gwaii","Chum",1961,100
"Haida Gwaii","Chum",1962,90
"Haida Gwaii","Chum",1963,89
"Haida Gwaii","Chum",1964,112
"Haida Gwaii","Chum",1965,96
"Haida Gwaii","Chum",1966,112
"Haida Gwaii","Chum",1967,112
"Haida Gwaii","Chum",1968,111
"Haida Gwaii","Chum",1969,124
"Haida Gwaii","Chum",1970,110
"Haida Gwaii","Chum",1971,118
"Haida Gwaii","Chum",1972,119
"Haida Gwaii","Chum",1973,124
"Haida Gwaii","Chum",1974,114
"Haida Gwaii","Chum",1975,113
"Haida Gwaii","Chum",1976,121
"Haida Gwaii","Chum",1977,126
"Haida Gwaii","Chum",1978,127
"Haida Gwaii","Chum",1979,133
"Haida Gwaii","Chum",1980,135
"Haida Gwaii","Chum",1981,125
"Haida Gwaii","Chum",1982,129
"Haida Gwaii","Chum",1983,135
"Haida Gwaii","Chum",1984,136
"Haida Gwaii","Chum",1985,132
"Haida Gwaii","Chum",1986,147
"Haida Gwaii","Chum",1987,165
"Haida Gwaii","Chum",1988,154
"Haida Gwaii","Chum",1989,157
"Haida Gwaii","Chum",1990,149
"Haida Gwaii","Chum",1991,152
"Haida Gwaii","Chum",1992,140
"Haida Gwaii","Chum",1993,153
"Haida Gwaii","Chum",1994,145
"Haida Gwaii","Chum",1995,148
"Haida Gwaii","Chum",1996,159
"Haida Gwaii","Chum",1997,127
"Haida Gwaii","Chum",1998,137
"Haida Gwaii","Chum",1999,97
"Haida Gwaii","Chum",2000,112
"Haida Gwaii","Chum",2001,94
"Haida Gwaii","Chum",2002,112
"Haida Gwaii","Chum",2003,112
"Haida Gwaii","Chum",2004,70
"Haida Gwaii","Chum",2005,86
"Haida Gwaii","Chum",2006,80
"Haida Gwaii","Chum",2007,72
"Haida Gwaii","Chum",2008,55
"Haida Gwaii","Chum",2009,85
"Haida Gwaii","Chum",2010,38
"Haida Gwaii","Chum",2011,60
"Haida Gwaii","Chum",2012,72
"Haida Gwaii","Chum",2013,66
"Haida Gwaii","Chum",2014,26
"Haida Gwaii","Chum",2015,69
"Haida Gwaii","Chum",2016,74
"Haida Gwaii","Chum",2017,72
"Haida Gwaii","Chum",2018,74
"Haida Gwaii","Chum",2019,71
"Haida Gwaii","Chum",2020,63
"Haida Gwaii","Chum",2021,36
"Haida Gwaii","Chum",2022,65
"Haida Gwaii","Coho",1927,1
"Haida Gwaii","Coho",1929,1
"Haida Gwaii","Coho",1933,1
"Haida Gwaii","Coho",1934,25
"Haida Gwaii","Coho",1935,28
"Haida Gwaii","Coho",1936,24
"Haida Gwaii","Coho",1937,7
"Haida Gwaii","Coho",1938,23
"Haida Gwaii","Coho",1939,16
"Haida Gwaii","Coho",1940,23
"Haida Gwaii","Coho",1941,13
"Haida Gwaii","Coho",1942,17
"Haida Gwaii","Coho",1943,25
"Haida Gwaii","Coho",1944,32
"Haida Gwaii","Coho",1945,32
"Haida Gwaii","Coho",1946,9
"Haida Gwaii","Coho",1947,29
"Haida Gwaii","Coho",1948,52
"Haida Gwaii","Coho",1949,54
"Haida Gwaii","Coho",1950,62
"Haida Gwaii","Coho",1951,75
"Haida Gwaii","Coho",1952,80
"Haida Gwaii","Coho",1953,63
"Haida Gwaii","Coho",1954,60
"Haida Gwaii","Coho",1955,43
"Haida Gwaii","Coho",1956,38
"Haida Gwaii","Coho",1957,50
"Haida Gwaii","Coho",1958,48
"Haida Gwaii","Coho",1959,47
"Haida Gwaii","Coho",1960,55
"Haida Gwaii","Coho",1961,52
"Haida Gwaii","Coho",1962,50
"Haida Gwaii","Coho",1963,49
"Haida Gwaii","Coho",1964,67
"Haida Gwaii","Coho",1965,53
"Haida Gwaii","Coho",1966,72
"Haida Gwaii","Coho",1967,81
"Haida Gwaii","Coho",1968,76
"Haida Gwaii","Coho",1969,80
"Haida Gwaii","Coho",1970,57
"Haida Gwaii","Coho",1971,38
"Haida Gwaii","Coho",1972,46
"Haida Gwaii","Coho",1973,44
"Haida Gwaii","Coho",1974,38
"Haida Gwaii","Coho",1975,80
"Haida Gwaii","Coho",1976,67
"Haida Gwaii","Coho",1977,76
"Haida Gwaii","Coho",1978,77
"Haida Gwaii","Coho",1979,74
"Haida Gwaii","Coho",1980,77
"Haida Gwaii","Coho",1981,87
"Haida Gwaii","Coho",1982,88
"Haida Gwaii","Coho",1983,90
"Haida Gwaii","Coho",1984,87
"Haida Gwaii","Coho",1985,71
"Haida Gwaii","Coho",1986,106
"Haida Gwaii","Coho",1987,129
"Haida Gwaii","Coho",1988,119
"Haida Gwaii","Coho",1989,115
"Haida Gwaii","Coho",1990,106
"Haida Gwaii","Coho",1991,109
"Haida Gwaii","Coho",1992,95
"Haida Gwaii","Coho",1993,102
"Haida Gwaii","Coho",1994,63
"Haida Gwaii","Coho",1995,69
"Haida Gwaii","Coho",1996,74
"Haida Gwaii","Coho",1997,60
"Haida Gwaii","Coho",1998,102
"Haida Gwaii","Coho",1999,75
"Haida Gwaii","Coho",2000,76
"Haida Gwaii","Coho",2001,57
"Haida Gwaii","Coho",2002,58
"Haida Gwaii","Coho",2003,58
"Haida Gwaii","Coho",2004,12
"Haida Gwaii","Coho",2005,26
"Haida Gwaii","Coho",2006,5
"Haida Gwaii","Coho",2007,4
"Haida Gwaii","Coho",2008,15
"Haida Gwaii","Coho",2009,10
"Haida Gwaii","Coho",2010,5
"Haida Gwaii","Coho",2011,12
"Haida Gwaii","Coho",2012,6
"Haida Gwaii","Coho",2013,7
"Haida Gwaii","Coho",2014,2
"Haida Gwaii","Coho",2015,10
"Haida Gwaii","Coho",2016,15
"Haida Gwaii","Coho",2017,27
"Haida Gwaii","Coho",2018,27
"Haida Gwaii","Coho",2019,20
"Haida Gwaii","Coho",2020,24
"Haida Gwaii","Coho",2021,7
"Haida Gwaii","Coho",2022,22
"Haida Gwaii","Pink",1928,1
"Haida Gwaii","Pink",1934,20
"Haida Gwaii","Pink",1935,7
"Haida Gwaii","Pink",1936,24
"Haida Gwaii","Pink",1937,1
"Haida Gwaii","Pink",1938,27
"Haida Gwaii","Pink",1939,3
"Haida Gwaii","Pink",1940,26
"Haida Gwaii","Pink",1941,2
"Haida Gwaii","Pink",1942,23
"Haida Gwaii","Pink",1943,1
"Haida Gwaii","Pink",1944,25
"Haida Gwaii","Pink",1945,2
"Haida Gwaii","Pink",1946,19
"Haida Gwaii","Pink",1947,5
"Haida Gwaii","Pink",1948,28
"Haida Gwaii","Pink",1949,11
"Haida Gwaii","Pink",1950,45
"Haida Gwaii","Pink",1951,17
"Haida Gwaii","Pink",1952,57
"Haida Gwaii","Pink",1953,14
"Haida Gwaii","Pink",1954,50
"Haida Gwaii","Pink",1955,11
"Haida Gwaii","Pink",1956,39
"Haida Gwaii","Pink",1957,12
"Haida Gwaii","Pink",1958,71
"Haida Gwaii","Pink",1959,18
"Haida Gwaii","Pink",1960,65
"Haida Gwaii","Pink",1961,14
"Haida Gwaii","Pink",1962,67
"Haida Gwaii","Pink",1963,24
"Haida Gwaii","Pink",1964,65
"Haida Gwaii","Pink",1965,22
"Haida Gwaii","Pink",1966,70
"Haida Gwaii","Pink",1967,18
"Haida Gwaii","Pink",1968,77
"Haida Gwaii","Pink",1969,13
"Haida Gwaii","Pink",1970,66
"Haida Gwaii","Pink",1971,10
"Haida Gwaii","Pink",1972,81
"Haida Gwaii","Pink",1973,12
"Haida Gwaii","Pink",1974,72
"Haida Gwaii","Pink",1975,37
"Haida Gwaii","Pink",1976,86
"Haida Gwaii","Pink",1977,28
"Haida Gwaii","Pink",1978,87
"Haida Gwaii","Pink",1979,33
"Haida Gwaii","Pink",1980,90
"Haida Gwaii","Pink",1981,33
"Haida Gwaii","Pink",1982,96
"Haida Gwaii","Pink",1983,34
"Haida Gwaii","Pink",1984,83
"Haida Gwaii","Pink",1985,42
"Haida Gwaii","Pink",1986,95
"Haida Gwaii","Pink",1987,39
"Haida Gwaii","Pink",1988,105
"Haida Gwaii","Pink",1989,25
"Haida Gwaii","Pink",1990,119
"Haida Gwaii","Pink",1991,38
"Haida Gwaii","Pink",1992,106
"Haida Gwaii","Pink",1993,37
"Haida Gwaii","Pink",1994,103
"Haida Gwaii","Pink",1995,19
"Haida Gwaii","Pink",1996,122
"Haida Gwaii","Pink",1997,12
"Haida Gwaii","Pink",1998,83
"Haida Gwaii","Pink",1999,29
"Haida Gwaii","Pink",2000,84
"Haida Gwaii","Pink",2001,12
"Haida Gwaii","Pink",2002,88
"Haida Gwaii","Pink",2003,5
"Haida Gwaii","Pink",2004,46
"Haida Gwaii","Pink",2005,3
"Haida Gwaii","Pink",2006,44
"Haida Gwaii","Pink",2007,4
"Haida Gwaii","Pink",2008,44
"Haida Gwaii","Pink",2009,4
"Haida Gwaii","Pink",2010,40
"Haida Gwaii","Pink",2011,2
"Haida Gwaii","Pink",2012,68
"Haida Gwaii","Pink",2013,2
"Haida Gwaii","Pink",2014,7
"Haida Gwaii","Pink",2015,3
"Haida Gwaii","Pink",2016,34
"Haida Gwaii","Pink",2017,3
"Haida Gwaii","Pink",2018,39
"Haida Gwaii","Pink",2019,2
"Haida Gwaii","Pink",2020,43
"Haida Gwaii","Pink",2021,2
"Haida Gwaii","Pink",2022,45
"Haida Gwaii","Sockeye",1934,3
"Haida Gwaii","Sockeye",1935,4
"Haida Gwaii","Sockeye",1936,4
"Haida Gwaii","Sockeye",1938,4
"Haida Gwaii","Sockeye",1939,4
"Haida Gwaii","Sockeye",1940,4
"Haida Gwaii","Sockeye",1941,4
"Haida Gwaii","Sockeye",1942,4
"Haida Gwaii","Sockeye",1943,4
"Haida Gwaii","Sockeye",1944,4
"Haida Gwaii","Sockeye",1945,5
"Haida Gwaii","Sockeye",1946,2
"Haida Gwaii","Sockeye",1947,5
"Haida Gwaii","Sockeye",1948,7
"Haida Gwaii","Sockeye",1949,2
"Haida Gwaii","Sockeye",1950,4
"Haida Gwaii","Sockeye",1951,8
"Haida Gwaii","Sockeye",1952,5
"Haida Gwaii","Sockeye",1953,8
"Haida Gwaii","Sockeye",1954,6
"Haida Gwaii","Sockeye",1955,2
"Haida Gwaii","Sockeye",1956,4
"Haida Gwaii","Sockeye",1957,5
"Haida Gwaii","Sockeye",1958,6
"Haida Gwaii","Sockeye",1959,6
"Haida Gwaii","Sockeye",1960,8
"Haida Gwaii","Sockeye",1961,10
"Haida Gwaii","Sockeye",1962,9
"Haida Gwaii","Sockeye",1963,7
"Haida Gwaii","Sockeye",1964,7
"Haida Gwaii","Sockeye",1965,9
"Haida Gwaii","Sockeye",1966,8
"Haida Gwaii","Sockeye",1967,9
"Haida Gwaii","Sockeye",1968,9
"Haida Gwaii","Sockeye",1969,10
"Haida Gwaii","Sockeye",1970,7
"Haida Gwaii","Sockeye",1971,6
"Haida Gwaii","Sockeye",1972,7
"Haida Gwaii","Sockeye",1973,9
"Haida Gwaii","Sockeye",1974,9
"Haida Gwaii","Sockeye",1975,9
"Haida Gwaii","Sockeye",1976,10
"Haida Gwaii","Sockeye",1977,10
"Haida Gwaii","Sockeye",1978,11
"Haida Gwaii","Sockeye",1979,12
"Haida Gwaii","Sockeye",1980,13
"Haida Gwaii","Sockeye",1981,9
"Haida Gwaii","Sockeye",1982,11
"Haida Gwaii","Sockeye",1983,11
"Haida Gwaii","Sockeye",1984,12
"Haida Gwaii","Sockeye",1985,15
"Haida Gwaii","Sockeye",1986,11
"Haida Gwaii","Sockeye",1987,12
"Haida Gwaii","Sockeye",1988,19
"Haida Gwaii","Sockeye",1989,8
"Haida Gwaii","Sockeye",1990,9
"Haida Gwaii","Sockeye",1991,10
"Haida Gwaii","Sockeye",1992,12
"Haida Gwaii","Sockeye",1993,6
"Haida Gwaii","Sockeye",1994,18
"Haida Gwaii","Sockeye",1995,15
"Haida Gwaii","Sockeye",1996,11
"Haida Gwaii","Sockeye",1997,11
"Haida Gwaii","Sockeye",1998,15
"Haida Gwaii","Sockeye",1999,9
"Haida Gwaii","Sockeye",2000,11
"Haida Gwaii","Sockeye",2001,5
"Haida Gwaii","Sockeye",2002,10
"Haida Gwaii","Sockeye",2003,5
"Haida Gwaii","Sockeye",2004,6
"Haida Gwaii","Sockeye",2005,5
"Haida Gwaii","Sockeye",2006,7
"Haida Gwaii","Sockeye",2007,5
"Haida Gwaii","Sockeye",2008,5
"Haida Gwaii","Sockeye",2009,3
"Haida Gwaii","Sockeye",2010,8
"Haida Gwaii","Sockeye",2011,3
"Haida Gwaii","Sockeye",2012,6
"Haida Gwaii","Sockeye",2013,5
"Haida Gwaii","Sockeye",2014,6
"Haida Gwaii","Sockeye",2015,6
"Haida Gwaii","Sockeye",2016,6
"Haida Gwaii","Sockeye",2017,7
"Haida Gwaii","Sockeye",2018,5
"Haida Gwaii","Sockeye",2019,4
"Haida Gwaii","Sockeye",2020,5
"Haida Gwaii","Sockeye",2021,4
"Haida Gwaii","Sockeye",2022,4
"Nass","Chinook",1934,2
"Nass","Chinook",1935,2
"Nass","Chinook",1936,2
"Nass","Chinook",1937,2
"Nass","Chinook",1938,3
"Nass","Chinook",1939,3
"Nass","Chinook",1940,3
"Nass","Chinook",1941,4
"Nass","Chinook",1942,4
"Nass","Chinook",1943,4
"Nass","Chinook",1944,5
"Nass","Chinook",1945,4
"Nass","Chinook",1946,4
"Nass","Chinook",1947,5
"Nass","Chinook",1948,5
"Nass","Chinook",1949,5
"Nass","Chinook",1950,4
"Nass","Chinook",1951,5
"Nass","Chinook",1952,5
"Nass","Chinook",1953,4
"Nass","Chinook",1954,4
"Nass","Chinook",1955,5
"Nass","Chinook",1956,7
"Nass","Chinook",1957,6
"Nass","Chinook",1958,5
"Nass","Chinook",1959,3
"Nass","Chinook",1960,3
"Nass","Chinook",1961,6
"Nass","Chinook",1962,5
"Nass","Chinook",1963,7
"Nass","Chinook",1964,5
"Nass","Chinook",1965,11
"Nass","Chinook",1966,12
"Nass","Chinook",1967,13
"Nass","Chinook",1968,13
"Nass","Chinook",1969,13
"Nass","Chinook",1970,14
"Nass","Chinook",1971,12
"Nass","Chinook",1972,12
"Nass","Chinook",1973,8
"Nass","Chinook",1974,9
"Nass","Chinook",1975,8
"Nass","Chinook",1976,14
"Nass","Chinook",1977,17
"Nass","Chinook",1978,19
"Nass","Chinook",1979,16
"Nass","Chinook",1980,17
"Nass","Chinook",1981,16
"Nass","Chinook",1982,17
"Nass","Chinook",1983,16
"Nass","Chinook",1984,17
"Nass","Chinook",1985,14
"Nass","Chinook",1986,15
"Nass","Chinook",1987,13
"Nass","Chinook",1988,12
"Nass","Chinook",1989,13
"Nass","Chinook",1990,17
"Nass","Chinook",1991,15
"Nass","Chinook",1992,17
"Nass","Chinook",1993,15
"Nass","Chinook",1994,5
"Nass","Chinook",1995,6
"Nass","Chinook",1996,8
"Nass","Chinook",1997,4
"Nass","Chinook",1998,5
"Nass","Chinook",1999,5
"Nass","Chinook",2000,5
"Nass","Chinook",2001,5
"Nass","Chinook",2002,6
"Nass","Chinook",2003,6
"Nass","Chinook",2004,4
"Nass","Chinook",2005,4
"Nass","Chinook",2006,6
"Nass","Chinook",2007,4
"Nass","Chinook",2008,8
"Nass","Chinook",2009,5
"Nass","Chinook",2010,6
"Nass","Chinook",2011,4
"Nass","Chinook",2012,5
"Nass","Chinook",2013,3
"Nass","Chinook",2014,5
"Nass","Chinook",2015,6
"Nass","Chinook",2016,3
"Nass","Chinook",2017,4
"Nass","Chinook",2018,5
"Nass","Chinook",2019,6
"Nass","Chinook",2020,1
"Nass","Chinook",2021,8
"Nass","Chinook",2022,5
"Nass","Chum",1934,10
"Nass","Chum",1935,13
"Nass","Chum",1936,13
"Nass","Chum",1937,13
"Nass","Chum",1938,13
"Nass","Chum",1939,13
"Nass","Chum",1940,13
"Nass","Chum",1941,13
"Nass","Chum",1942,13
"Nass","Chum",1943,13
"Nass","Chum",1944,14
"Nass","Chum",1945,13
"Nass","Chum",1946,13
"Nass","Chum",1947,20
"Nass","Chum",1948,20
"Nass","Chum",1949,17
"Nass","Chum",1950,18
"Nass","Chum",1951,20
"Nass","Chum",1952,21
"Nass","Chum",1953,20
"Nass","Chum",1954,20
"Nass","Chum",1955,22
"Nass","Chum",1956,18
"Nass","Chum",1957,15
"Nass","Chum",1958,17
"Nass","Chum",1959,17
"Nass","Chum",1960,9
"Nass","Chum",1961,15
"Nass","Chum",1962,11
"Nass","Chum",1963,17
"Nass","Chum",1964,12
"Nass","Chum",1965,14
"Nass","Chum",1966,16
"Nass","Chum",1967,17
"Nass","Chum",1968,17
"Nass","Chum",1969,16
"Nass","Chum",1970,19
"Nass","Chum",1971,19
"Nass","Chum",1972,16
"Nass","Chum",1973,18
"Nass","Chum",1974,21
"Nass","Chum",1975,13
"Nass","Chum",1976,22
"Nass","Chum",1977,19
"Nass","Chum",1978,19
"Nass","Chum",1979,20
"Nass","Chum",1980,24
"Nass","Chum",1981,23
"Nass","Chum",1982,22
"Nass","Chum",1983,22
"Nass","Chum",1984,21
"Nass","Chum",1985,19
"Nass","Chum",1986,19
"Nass","Chum",1987,15
"Nass","Chum",1988,16
"Nass","Chum",1989,14
"Nass","Chum",1990,17
"Nass","Chum",1991,11
"Nass","Chum",1992,11
"Nass","Chum",1993,13
"Nass","Chum",1994,10
"Nass","Chum",1995,14
"Nass","Chum",1996,15
"Nass","Chum",1997,11
"Nass","Chum",1998,15
"Nass","Chum",1999,11
"Nass","Chum",2000,8
"Nass","Chum",2001,14
"Nass","Chum",2002,6
"Nass","Chum",2003,7
"Nass","Chum",2004,13
"Nass","Chum",2005,21
"Nass","Chum",2006,11
"Nass","Chum",2007,8
"Nass","Chum",2008,7
"Nass","Chum",2009,11
"Nass","Chum",2010,10
"Nass","Chum",2011,9
"Nass","Chum",2012,13
"Nass","Chum",2013,13
"Nass","Chum",2014,8
"Nass","Chum",2015,12
"Nass","Chum",2016,10
"Nass","Chum",2017,7
"Nass","Chum",2018,11
"Nass","Chum",2019,9
"Nass","Chum",2020,1
"Nass","Chum",2021,5
"Nass","Chum",2022,7
"Nass","Coho",1934,14
"Nass","Coho",1935,13
"Nass","Coho",1936,13
"Nass","Coho",1937,13
"Nass","Coho",1938,13
"Nass","Coho",1939,13
"Nass","Coho",1940,13
"Nass","Coho",1941,13
"Nass","Coho",1942,13
"Nass","Coho",1943,13
"Nass","Coho",1944,14
"Nass","Coho",1945,13
"Nass","Coho",1946,13
"Nass","Coho",1947,14
"Nass","Coho",1948,14
"Nass","Coho",1949,14
"Nass","Coho",1950,14
"Nass","Coho",1951,12
"Nass","Coho",1952,13
"Nass","Coho",1953,13
"Nass","Coho",1954,12
"Nass","Coho",1955,12
"Nass","Coho",1956,12
"Nass","Coho",1957,12
"Nass","Coho",1958,11
"Nass","Coho",1959,8
"Nass","Coho",1960,1
"Nass","Coho",1961,5
"Nass","Coho",1962,5
"Nass","Coho",1963,11
"Nass","Coho",1964,13
"Nass","Coho",1965,19
"Nass","Coho",1966,21
"Nass","Coho",1967,16
"Nass","Coho",1968,19
"Nass","Coho",1969,17
"Nass","Coho",1970,21
"Nass","Coho",1971,23
"Nass","Coho",1972,13
"Nass","Coho",1973,12
"Nass","Coho",1974,14
"Nass","Coho",1975,15
"Nass","Coho",1976,32
"Nass","Coho",1977,33
"Nass","Coho",1978,39
"Nass","Coho",1979,38
"Nass","Coho",1980,45
"Nass","Coho",1981,42
"Nass","Coho",1982,41
"Nass","Coho",1983,41
"Nass","Coho",1984,40
"Nass","Coho",1985,37
"Nass","Coho",1986,26
"Nass","Coho",1987,29
"Nass","Coho",1988,15
"Nass","Coho",1989,20
"Nass","Coho",1990,22
"Nass","Coho",1991,20
"Nass","Coho",1992,11
"Nass","Coho",1993,9
"Nass","Coho",1994,6
"Nass","Coho",1995,7
"Nass","Coho",1996,7
"Nass","Coho",1997,6
"Nass","Coho",1998,6
"Nass","Coho",1999,7
"Nass","Coho",2000,16
"Nass","Coho",2001,14
"Nass","Coho",2002,10
"Nass","Coho",2003,10
"Nass","Coho",2004,8
"Nass","Coho",2005,9
"Nass","Coho",2006,9
"Nass","Coho",2007,7
"Nass","Coho",2008,8
"Nass","Coho",2009,6
"Nass","Coho",2010,9
"Nass","Coho",2011,6
"Nass","Coho",2012,6
"Nass","Coho",2013,4
"Nass","Coho",2014,8
"Nass","Coho",2015,8
"Nass","Coho",2016,7
"Nass","Coho",2017,8
"Nass","Coho",2018,7
"Nass","Coho",2019,7
"Nass","Coho",2020,1
"Nass","Coho",2021,6
"Nass","Coho",2022,7
"Nass","Pink",1935,17
"Nass","Pink",1937,19
"Nass","Pink",1939,17
"Nass","Pink",1941,18
"Nass","Pink",1943,16
"Nass","Pink",1945,17
"Nass","Pink",1947,20
"Nass","Pink",1949,20
"Nass","Pink",1951,22
"Nass","Pink",1953,16
"Nass","Pink",1955,14
"Nass","Pink",1957,11
"Nass","Pink",1959,17
"Nass","Pink",1961,16
"Nass","Pink",1963,19
"Nass","Pink",1965,21
"Nass","Pink",1967,23
"Nass","Pink",1969,17
"Nass","Pink",1971,24
"Nass","Pink",1973,22
"Nass","Pink",1975,25
"Nass","Pink",1976,2
"Nass","Pink",1977,31
"Nass","Pink",1978,1
"Nass","Pink",1979,24
"Nass","Pink",1980,3
"Nass","Pink",1981,33
"Nass","Pink",1982,2
"Nass","Pink",1983,40
"Nass","Pink",1984,1
"Nass","Pink",1985,45
"Nass","Pink",1986,1
"Nass","Pink",1987,38
"Nass","Pink",1988,1
"Nass","Pink",1989,33
"Nass","Pink",1990,3
"Nass","Pink",1991,36
"Nass","Pink",1992,2
"Nass","Pink",1993,29
"Nass","Pink",1995,24
"Nass","Pink",1997,19
"Nass","Pink",1999,23
"Nass","Pink",2001,33
"Nass","Pink",2003,27
"Nass","Pink",2005,23
"Nass","Pink",2007,18
"Nass","Pink",2009,27
"Nass","Pink",2011,12
"Nass","Pink",2013,23
"Nass","Pink",2015,15
"Nass","Pink",2017,16
"Nass","Pink",2019,13
"Nass","Pink",2021,8
"Nass","Sockeye",1934,3
"Nass","Sockeye",1935,3
"Nass","Sockeye",1936,3
"Nass","Sockeye",1937,3
"Nass","Sockeye",1938,3
"Nass","Sockeye",1939,4
"Nass","Sockeye",1940,4
"Nass","Sockeye",1941,4
"Nass","Sockeye",1942,4
"Nass","Sockeye",1943,4
"Nass","Sockeye",1944,4
"Nass","Sockeye",1945,4
"Nass","Sockeye",1946,3
"Nass","Sockeye",1947,4
"Nass","Sockeye",1948,3
"Nass","Sockeye",1949,3
"Nass","Sockeye",1950,3
"Nass","Sockeye",1951,3
"Nass","Sockeye",1952,3
"Nass","Sockeye",1953,3
"Nass","Sockeye",1954,4
"Nass","Sockeye",1955,3
"Nass","Sockeye",1956,4
"Nass","Sockeye",1957,8
"Nass","Sockeye",1958,5
"Nass","Sockeye",1959,6
"Nass","Sockeye",1960,3
"Nass","Sockeye",1961,3
"Nass","Sockeye",1962,3
"Nass","Sockeye",1963,4
"Nass","Sockeye",1964,8
"Nass","Sockeye",1965,7
"Nass","Sockeye",1966,9
"Nass","Sockeye",1967,10
"Nass","Sockeye",1968,10
"Nass","Sockeye",1969,7
"Nass","Sockeye",1970,8
"Nass","Sockeye",1971,9
"Nass","Sockeye",1972,8
"Nass","Sockeye",1973,8
"Nass","Sockeye",1974,6
"Nass","Sockeye",1975,5
"Nass","Sockeye",1976,10
"Nass","Sockeye",1977,11
"Nass","Sockeye",1978,10
"Nass","Sockeye",1979,11
"Nass","Sockeye",1980,11
"Nass","Sockeye",1981,12
"Nass","Sockeye",1982,8
"Nass","Sockeye",1983,10
"Nass","Sockeye",1984,10
"Nass","Sockeye",1985,10
"Nass","Sockeye",1986,8
"Nass","Sockeye",1987,9
"Nass","Sockeye",1988,5
"Nass","Sockeye",1989,8
"Nass","Sockeye",1990,8
"Nass","Sockeye",1991,8
"Nass","Sockeye",1992,7
"Nass","Sockeye",1993,6
"Nass","Sockeye",1994,4
"Nass","Sockeye",1995,5
"Nass","Sockeye",1996,4
"Nass","Sockeye",1997,4
"Nass","Sockeye",1998,4
"Nass","Sockeye",1999,4
"Nass","Sockeye",2000,3
"Nass","Sockeye",2001,2
"Nass","Sockeye",2002,3
"Nass","Sockeye",2003,3
"Nass","Sockeye",2004,2
"Nass","Sockeye",2005,4
"Nass","Sockeye",2006,4
"Nass","Sockeye",2007,4
"Nass","Sockeye",2008,5
"Nass","Sockeye",2009,5
"Nass","Sockeye",2010,6
"Nass","Sockeye",2011,4
"Nass","Sockeye",2012,6
"Nass","Sockeye",2013,6
"Nass","Sockeye",2014,7
"Nass","Sockeye",2015,8
"Nass","Sockeye",2016,8
"Nass","Sockeye",2017,5
"Nass","Sockeye",2018,5
"Nass","Sockeye",2019,6
"Nass","Sockeye",2020,2
"Nass","Sockeye",2021,4
"Nass","Sockeye",2022,5
"Skeena","Chinook",1934,1
"Skeena","Chinook",1935,2
"Skeena","Chinook",1936,2
"Skeena","Chinook",1938,1
"Skeena","Chinook",1939,1
"Skeena","Chinook",1940,2
"Skeena","Chinook",1941,1
"Skeena","Chinook",1944,1
"Skeena","Chinook",1945,2
"Skeena","Chinook",1946,6
"Skeena","Chinook",1947,5
"Skeena","Chinook",1948,6
"Skeena","Chinook",1949,9
"Skeena","Chinook",1950,11
"Skeena","Chinook",1951,11
"Skeena","Chinook",1952,7
"Skeena","Chinook",1953,11
"Skeena","Chinook",1954,13
"Skeena","Chinook",1955,17
"Skeena","Chinook",1956,16
"Skeena","Chinook",1957,15
"Skeena","Chinook",1958,15
"Skeena","Chinook",1959,16
"Skeena","Chinook",1960,22
"Skeena","Chinook",1961,18
"Skeena","Chinook",1962,18
"Skeena","Chinook",1963,12
"Skeena","Chinook",1964,26
"Skeena","Chinook",1965,21
"Skeena","Chinook",1966,37
"Skeena","Chinook",1967,30
"Skeena","Chinook",1968,37
"Skeena","Chinook",1969,31
"Skeena","Chinook",1970,32
"Skeena","Chinook",1971,32
"Skeena","Chinook",1972,35
"Skeena","Chinook",1973,34
"Skeena","Chinook",1974,29
"Skeena","Chinook",1975,35
"Skeena","Chinook",1976,33
"Skeena","Chinook",1977,35
"Skeena","Chinook",1978,36
"Skeena","Chinook",1979,28
"Skeena","Chinook",1980,34
"Skeena","Chinook",1981,33
"Skeena","Chinook",1982,29
"Skeena","Chinook",1983,29
"Skeena","Chinook",1984,34
"Skeena","Chinook",1985,31
"Skeena","Chinook",1986,43
"Skeena","Chinook",1987,38
"Skeena","Chinook",1988,36
"Skeena","Chinook",1989,37
"Skeena","Chinook",1990,37
"Skeena","Chinook",1991,33
"Skeena","Chinook",1992,40
"Skeena","Chinook",1993,37
"Skeena","Chinook",1994,28
"Skeena","Chinook",1995,26
"Skeena","Chinook",1996,24
"Skeena","Chinook",1997,26
"Skeena","Chinook",1998,26
"Skeena","Chinook",1999,21
"Skeena","Chinook",2000,21
"Skeena","Chinook",2001,30
"Skeena","Chinook",2002,22
"Skeena","Chinook",2003,21
"Skeena","Chinook",2004,16
"Skeena","Chinook",2005,12
"Skeena","Chinook",2006,15
"Skeena","Chinook",2007,19
"Skeena","Chinook",2008,12
"Skeena","Chinook",2009,14
"Skeena","Chinook",2010,14
"Skeena","Chinook",2011,13
"Skeena","Chinook",2012,13
"Skeena","Chinook",2013,10
"Skeena","Chinook",2014,7
"Skeena","Chinook",2015,9
"Skeena","Chinook",2016,9
"Skeena","Chinook",2017,9
"Skeena","Chinook",2018,12
"Skeena","Chinook",2019,12
"Skeena","Chinook",2020,10
"Skeena","Chinook",2021,9
"Skeena","Chinook",2022,10
"Skeena","Chum",1934,7
"Skeena","Chum",1935,8
"Skeena","Chum",1936,8
"Skeena","Chum",1937,9
"Skeena","Chum",1938,8
"Skeena","Chum",1939,8
"Skeena","Chum",1940,9
"Skeena","Chum",1941,9
"Skeena","Chum",1942,6
"Skeena","Chum",1943,7
"Skeena","Chum",1944,6
"Skeena","Chum",1945,4
"Skeena","Chum",1946,9
"Skeena","Chum",1947,14
"Skeena","Chum",1948,14
"Skeena","Chum",1949,10
"Skeena","Chum",1950,15
"Skeena","Chum",1951,15
"Skeena","Chum",1952,15
"Skeena","Chum",1953,16
"Skeena","Chum",1954,17
"Skeena","Chum",1955,13
"Skeena","Chum",1956,13
"Skeena","Chum",1957,14
"Skeena","Chum",1958,16
"Skeena","Chum",1959,11
"Skeena","Chum",1960,13
"Skeena","Chum",1961,16
"Skeena","Chum",1962,19
"Skeena","Chum",1963,12
"Skeena","Chum",1964,19
"Skeena","Chum",1965,20
"Skeena","Chum",1966,29
"Skeena","Chum",1967,22
"Skeena","Chum",1968,21
"Skeena","Chum",1969,21
"Skeena","Chum",1970,19
"Skeena","Chum",1971,16
"Skeena","Chum",1972,23
"Skeena","Chum",1973,23
"Skeena","Chum",1974,23
"Skeena","Chum",1975,20
"Skeena","Chum",1976,25
"Skeena","Chum",1977,24
"Skeena","Chum",1978,26
"Skeena","Chum",1979,19
"Skeena","Chum",1980,21
"Skeena","Chum",1981,15
"Skeena","Chum",1982,19
"Skeena","Chum",1983,20
"Skeena","Chum",1984,21
"Skeena","Chum",1985,20
"Skeena","Chum",1986,22
"Skeena","Chum",1987,17
"Skeena","Chum",1988,27
"Skeena","Chum",1989,27
"Skeena","Chum",1990,21
"Skeena","Chum",1991,15
"Skeena","Chum",1992,30
"Skeena","Chum",1993,23
"Skeena","Chum",1994,15
"Skeena","Chum",1995,13
"Skeena","Chum",1996,12
"Skeena","Chum",1997,10
"Skeena","Chum",1998,13
"Skeena","Chum",1999,3
"Skeena","Chum",2000,7
"Skeena","Chum",2001,5
"Skeena","Chum",2002,6
"Skeena","Chum",2003,2
"Skeena","Chum",2004,4
"Skeena","Chum",2005,5
"Skeena","Chum",2006,2
"Skeena","Chum",2007,2
"Skeena","Chum",2008,3
"Skeena","Chum",2009,9
"Skeena","Chum",2010,7
"Skeena","Chum",2011,7
"Skeena","Chum",2012,5
"Skeena","Chum",2013,9
"Skeena","Chum",2014,5
"Skeena","Chum",2015,4
"Skeena","Chum",2016,5
"Skeena","Chum",2017,4
"Skeena","Chum",2018,4
"Skeena","Chum",2019,7
"Skeena","Chum",2020,6
"Skeena","Chum",2021,6
"Skeena","Chum",2022,5
"Skeena","Coho",1926,1
"Skeena","Coho",1934,12
"Skeena","Coho",1935,8
"Skeena","Coho",1936,12
"Skeena","Coho",1937,7
"Skeena","Coho",1938,11
"Skeena","Coho",1939,8
"Skeena","Coho",1940,25
"Skeena","Coho",1941,11
"Skeena","Coho",1942,3
"Skeena","Coho",1943,3
"Skeena","Coho",1944,21
"Skeena","Coho",1945,9
"Skeena","Coho",1946,29
"Skeena","Coho",1947,33
"Skeena","Coho",1948,37
"Skeena","Coho",1949,46
"Skeena","Coho",1950,50
"Skeena","Coho",1951,49
"Skeena","Coho",1952,41
"Skeena","Coho",1953,50
"Skeena","Coho",1954,42
"Skeena","Coho",1955,49
"Skeena","Coho",1956,44
"Skeena","Coho",1957,42
"Skeena","Coho",1958,52
"Skeena","Coho",1959,32
"Skeena","Coho",1960,40
"Skeena","Coho",1961,46
"Skeena","Coho",1962,51
"Skeena","Coho",1963,37
"Skeena","Coho",1964,57
"Skeena","Coho",1965,68
"Skeena","Coho",1966,87
"Skeena","Coho",1967,73
"Skeena","Coho",1968,78
"Skeena","Coho",1969,93
"Skeena","Coho",1970,87
"Skeena","Coho",1971,75
"Skeena","Coho",1972,74
"Skeena","Coho",1973,70
"Skeena","Coho",1974,63
"Skeena","Coho",1975,64
"Skeena","Coho",1976,62
"Skeena","Coho",1977,63
"Skeena","Coho",1978,68
"Skeena","Coho",1979,52
"Skeena","Coho",1980,71
"Skeena","Coho",1981,67
"Skeena","Coho",1982,62
"Skeena","Coho",1983,71
"Skeena","Coho",1984,74
"Skeena","Coho",1985,47
"Skeena","Coho",1986,80
"Skeena","Coho",1987,54
"Skeena","Coho",1988,37
"Skeena","Coho",1989,59
"Skeena","Coho",1990,69
"Skeena","Coho",1991,63
"Skeena","Coho",1992,68
"Skeena","Coho",1993,49
"Skeena","Coho",1994,36
"Skeena","Coho",1995,28
"Skeena","Coho",1996,21
"Skeena","Coho",1997,21
"Skeena","Coho",1998,63
"Skeena","Coho",1999,54
"Skeena","Coho",2000,53
"Skeena","Coho",2001,51
"Skeena","Coho",2002,43
"Skeena","Coho",2003,48
"Skeena","Coho",2004,36
"Skeena","Coho",2005,38
"Skeena","Coho",2006,35
"Skeena","Coho",2007,35
"Skeena","Coho",2008,36
"Skeena","Coho",2009,37
"Skeena","Coho",2010,38
"Skeena","Coho",2011,39
"Skeena","Coho",2012,36
"Skeena","Coho",2013,24
"Skeena","Coho",2014,17
"Skeena","Coho",2015,17
"Skeena","Coho",2016,16
"Skeena","Coho",2017,23
"Skeena","Coho",2018,20
"Skeena","Coho",2019,19
"Skeena","Coho",2020,19
"Skeena","Coho",2021,22
"Skeena","Coho",2022,13
"Skeena","Pink",1934,34
"Skeena","Pink",1935,19
"Skeena","Pink",1936,38
"Skeena","Pink",1937,22
"Skeena","Pink",1938,41
"Skeena","Pink",1939,22
"Skeena","Pink",1940,44
"Skeena","Pink",1941,22
"Skeena","Pink",1942,35
"Skeena","Pink",1943,18
"Skeena","Pink",1944,47
"Skeena","Pink",1945,27
"Skeena","Pink",1946,45
"Skeena","Pink",1947,42
"Skeena","Pink",1948,65
"Skeena","Pink",1949,55
"Skeena","Pink",1950,76
"Skeena","Pink",1951,49
"Skeena","Pink",1952,69
"Skeena","Pink",1953,51
"Skeena","Pink",1954,73
"Skeena","Pink",1955,52
"Skeena","Pink",1956,63
"Skeena","Pink",1957,52
"Skeena","Pink",1958,60
"Skeena","Pink",1959,46
"Skeena","Pink",1960,47
"Skeena","Pink",1961,48
"Skeena","Pink",1962,66
"Skeena","Pink",1963,47
"Skeena","Pink",1964,58
"Skeena","Pink",1965,45
"Skeena","Pink",1966,76
"Skeena","Pink",1967,56
"Skeena","Pink",1968,81
"Skeena","Pink",1969,54
"Skeena","Pink",1970,72
"Skeena","Pink",1971,51
"Skeena","Pink",1972,80
"Skeena","Pink",1973,60
"Skeena","Pink",1974,74
"Skeena","Pink",1975,53
"Skeena","Pink",1976,85
"Skeena","Pink",1977,60
"Skeena","Pink",1978,100
"Skeena","Pink",1979,53
"Skeena","Pink",1980,98
"Skeena","Pink",1981,58
"Skeena","Pink",1982,109
"Skeena","Pink",1983,86
"Skeena","Pink",1984,119
"Skeena","Pink",1985,88
"Skeena","Pink",1986,129
"Skeena","Pink",1987,81
"Skeena","Pink",1988,114
"Skeena","Pink",1989,88
"Skeena","Pink",1990,117
"Skeena","Pink",1991,80
"Skeena","Pink",1992,99
"Skeena","Pink",1993,70
"Skeena","Pink",1994,72
"Skeena","Pink",1995,49
"Skeena","Pink",1996,70
"Skeena","Pink",1997,33
"Skeena","Pink",1998,62
"Skeena","Pink",1999,30
"Skeena","Pink",2000,52
"Skeena","Pink",2001,38
"Skeena","Pink",2002,49
"Skeena","Pink",2003,34
"Skeena","Pink",2004,42
"Skeena","Pink",2005,23
"Skeena","Pink",2006,33
"Skeena","Pink",2007,22
"Skeena","Pink",2008,36
"Skeena","Pink",2009,33
"Skeena","Pink",2010,44
"Skeena","Pink",2011,21
"Skeena","Pink",2012,50
"Skeena","Pink",2013,26
"Skeena","Pink",2014,38
"Skeena","Pink",2015,6
"Skeena","Pink",2016,24
"Skeena","Pink",2017,15
"Skeena","Pink",2018,23
"Skeena","Pink",2019,15
"Skeena","Pink",2020,23
"Skeena","Pink",2021,13
"Skeena","Pink",2022,27
"Skeena","Sockeye",1928,2
"Skeena","Sockeye",1929,1
"Skeena","Sockeye",1930,2
"Skeena","Sockeye",1933,1
"Skeena","Sockeye",1934,10
"Skeena","Sockeye",1935,10
"Skeena","Sockeye",1936,12
"Skeena","Sockeye",1937,18
"Skeena","Sockeye",1938,17
"Skeena","Sockeye",1939,16
"Skeena","Sockeye",1940,22
"Skeena","Sockeye",1941,22
"Skeena","Sockeye",1942,15
"Skeena","Sockeye",1943,6
"Skeena","Sockeye",1944,20
"Skeena","Sockeye",1945,19
"Skeena","Sockeye",1946,19
"Skeena","Sockeye",1947,33
"Skeena","Sockeye",1948,32
"Skeena","Sockeye",1949,34
"Skeena","Sockeye",1950,36
"Skeena","Sockeye",1951,39
"Skeena","Sockeye",1952,33
"Skeena","Sockeye",1953,41
"Skeena","Sockeye",1954,39
"Skeena","Sockeye",1955,32
"Skeena","Sockeye",1956,34
"Skeena","Sockeye",1957,38
"Skeena","Sockeye",1958,37
"Skeena","Sockeye",1959,41
"Skeena","Sockeye",1960,37
"Skeena","Sockeye",1961,38
"Skeena","Sockeye",1962,42
"Skeena","Sockeye",1963,40
"Skeena","Sockeye",1964,51
"Skeena","Sockeye",1965,49
"Skeena","Sockeye",1966,47
"Skeena","Sockeye",1967,46
"Skeena","Sockeye",1968,45
"Skeena","Sockeye",1969,43
"Skeena","Sockeye",1970,51
"Skeena","Sockeye",1971,42
"Skeena","Sockeye",1972,47
"Skeena","Sockeye",1973,50
"Skeena","Sockeye",1974,46
"Skeena","Sockeye",1975,47
"Skeena","Sockeye",1976,41
"Skeena","Sockeye",1977,48
"Skeena","Sockeye",1978,52
"Skeena","Sockeye",1979,45
"Skeena","Sockeye",1980,53
"Skeena","Sockeye",1981,50
"Skeena","Sockeye",1982,47
"Skeena","Sockeye",1983,43
"Skeena","Sockeye",1984,40
"Skeena","Sockeye",1985,44
"Skeena","Sockeye",1986,42
"Skeena","Sockeye",1987,47
"Skeena","Sockeye",1988,45
"Skeena","Sockeye",1989,38
"Skeena","Sockeye",1990,41
"Skeena","Sockeye",1991,39
"Skeena","Sockeye",1992,46
"Skeena","Sockeye",1993,38
"Skeena","Sockeye",1994,35
"Skeena","Sockeye",1995,42
"Skeena","Sockeye",1996,39
"Skeena","Sockeye",1997,38
"Skeena","Sockeye",1998,29
"Skeena","Sockeye",1999,32
"Skeena","Sockeye",2000,34
"Skeena","Sockeye",2001,41
"Skeena","Sockeye",2002,36
"Skeena","Sockeye",2003,40
"Skeena","Sockeye",2004,37
"Skeena","Sockeye",2005,38
"Skeena","Sockeye",2006,34
"Skeena","Sockeye",2007,37
"Skeena","Sockeye",2008,36
"Skeena","Sockeye",2009,40
"Skeena","Sockeye",2010,36
"Skeena","Sockeye",2011,47
"Skeena","Sockeye",2012,42
"Skeena","Sockeye",2013,28
"Skeena","Sockeye",2014,26
"Skeena","Sockeye",2015,35
"Skeena","Sockeye",2016,32
"Skeena","Sockeye",2017,32
"Skeena","Sockeye",2018,34
"Skeena","Sockeye",2019,37
"Skeena","Sockeye",2020,31
"Skeena","Sockeye",2021,28
"Skeena","Sockeye",2022,33
"Transboundary","Chinook",1975,4
"Transboundary","Chinook",1976,6
"Transboundary","Chinook",1977,7
"Transboundary","Chinook",1978,6
"Transboundary","Chinook",1979,9
"Transboundary","Chinook",1980,10
"Transboundary","Chinook",1981,11
"Transboundary","Chinook",1982,11
"Transboundary","Chinook",1983,11
"Transboundary","Chinook",1984,11
"Transboundary","Chinook",1985,14
"Transboundary","Chinook",1986,15
"Transboundary","Chinook",1987,15
"Transboundary","Chinook",1988,15
"Transboundary","Chinook",1989,13
"Transboundary","Chinook",1990,14
"Transboundary","Chinook",1991,15
"Transboundary","Chinook",1992,15
"Transboundary","Chinook",1993,15
"Transboundary","Chinook",1994,14
"Transboundary","Chinook",1995,15
"Transboundary","Chinook",1996,16
"Transboundary","Chinook",1997,16
"Transboundary","Chinook",1998,17
"Transboundary","Chinook",1999,14
"Transboundary","Chinook",2000,11
"Transboundary","Chinook",2001,12
"Transboundary","Chinook",2002,14
"Transboundary","Chinook",2003,14
"Transboundary","Chinook",2004,13
"Transboundary","Chinook",2005,14
"Transboundary","Chinook",2006,11
"Transboundary","Chinook",2007,10
"Transboundary","Chinook",2008,11
"Transboundary","Chinook",2009,10
"Transboundary","Chinook",2010,10
"Transboundary","Chinook",2011,10
"Transboundary","Chinook",2012,9
"Transboundary","Chinook",2013,9
"Transboundary","Chinook",2014,11
"Transboundary","Chinook",2015,11
"Transboundary","Chinook",2016,11
"Transboundary","Chinook",2017,9
"Transboundary","Chinook",2018,10
"Transboundary","Chinook",2019,10
"Transboundary","Chinook",2020,8
"Transboundary","Chinook",2021,10
"Transboundary","Chinook",2022,6
"Transboundary","Coho",1958,1
"Transboundary","Coho",1976,1
"Transboundary","Coho",1977,1
"Transboundary","Coho",1978,1
"Transboundary","Coho",1979,1
"Transboundary","Coho",1980,1
"Transboundary","Coho",1981,1
"Transboundary","Coho",1982,1
"Transboundary","Coho",1983,1
"Transboundary","Coho",1984,6
"Transboundary","Coho",1985,12
"Transboundary","Coho",1986,7
"Transboundary","Coho",1987,8
"Transboundary","Coho",1988,14
"Transboundary","Coho",1989,14
"Transboundary","Coho",1990,13
"Transboundary","Coho",1991,13
"Transboundary","Coho",1992,11
"Transboundary","Coho",1993,7
"Transboundary","Coho",1994,11
"Transboundary","Coho",1995,11
"Transboundary","Coho",1996,11
"Transboundary","Coho",1997,7
"Transboundary","Coho",1998,8
"Transboundary","Coho",1999,1
"Transboundary","Coho",2000,1
"Transboundary","Coho",2001,2
"Transboundary","Coho",2002,7
"Transboundary","Coho",2003,2
"Transboundary","Coho",2004,7
"Transboundary","Coho",2005,7
"Transboundary","Coho",2006,7
"Transboundary","Coho",2007,7
"Transboundary","Coho",2008,6
"Transboundary","Coho",2009,7
"Transboundary","Coho",2010,7
"Transboundary","Coho",2011,7
"Transboundary","Coho",2012,4
"Transboundary","Coho",2013,7
"Transboundary","Coho",2014,7
"Transboundary","Coho",2015,7
"Transboundary","Coho",2016,6
"Transboundary","Coho",2017,7
"Transboundary","Coho",2018,7
"Transboundary","Coho",2019,7
"Transboundary","Coho",2020,1
"Transboundary","Coho",2021,5
"Transboundary","Pink",1984,1
"Transboundary","Pink",1985,1
"Transboundary","Pink",1986,1
"Transboundary","Pink",1987,1
"Transboundary","Pink",1988,1
"Transboundary","Pink",1989,1
"Transboundary","Pink",1990,1
"Transboundary","Pink",1991,1
"Transboundary","Pink",1993,1
"Transboundary","Pink",1994,1
"Transboundary","Pink",1996,1
"Transboundary","Pink",1997,1
"Transboundary","Pink",1998,1
"Transboundary","Sockeye",1959,1
"Transboundary","Sockeye",1960,1
"Transboundary","Sockeye",1961,1
"Transboundary","Sockeye",1962,1
"Transboundary","Sockeye",1963,1
"Transboundary","Sockeye",1964,1
"Transboundary","Sockeye",1965,1
"Transboundary","Sockeye",1966,1
"Transboundary","Sockeye",1967,1
"Transboundary","Sockeye",1968,1
"Transboundary","Sockeye",1969,1
"Transboundary","Sockeye",1970,1
"Transboundary","Sockeye",1971,1
"Transboundary","Sockeye",1972,1
"Transboundary","Sockeye",1973,1
"Transboundary","Sockeye",1974,1
"Transboundary","Sockeye",1975,1
"Transboundary","Sockeye",1976,2
"Transboundary","Sockeye",1977,2
"Transboundary","Sockeye",1978,2
"Transboundary","Sockeye",1979,3
"Transboundary","Sockeye",1980,4
"Transboundary","Sockeye",1981,4
"Transboundary","Sockeye",1982,3
"Transboundary","Sockeye",1983,4
"Transboundary","Sockeye",1984,12
"Transboundary","Sockeye",1985,15
"Transboundary","Sockeye",1986,15
"Transboundary","Sockeye",1987,16
"Transboundary","Sockeye",1988,18
"Transboundary","Sockeye",1989,19
"Transboundary","Sockeye",1990,16
"Transboundary","Sockeye",1991,15
"Transboundary","Sockeye",1992,17
"Transboundary","Sockeye",1993,18
"Transboundary","Sockeye",1994,17
"Transboundary","Sockeye",1995,17
"Transboundary","Sockeye",1996,17
"Transboundary","Sockeye",1997,16
"Transboundary","Sockeye",1998,16
"Transboundary","Sockeye",1999,12
"Transboundary","Sockeye",2000,4
"Transboundary","Sockeye",2001,7
"Transboundary","Sockeye",2002,13
"Transboundary","Sockeye",2003,14
"Transboundary","Sockeye",2004,14
"Transboundary","Sockeye",2005,16
"Transboundary","Sockeye",2006,16
"Transboundary","Sockeye",2007,13
"Transboundary","Sockeye",2008,8
"Transboundary","Sockeye",2009,8
"Transboundary","Sockeye",2010,11
"Transboundary","Sockeye",2011,6
"Transboundary","Sockeye",2012,9
"Transboundary","Sockeye",2013,13
"Transboundary","Sockeye",2014,13
"Transboundary","Sockeye",2015,7
"Transboundary","Sockeye",2016,13
"Transboundary","Sockeye",2017,13
"Transboundary","Sockeye",2018,13
"Transboundary","Sockeye",2019,8
"Transboundary","Sockeye",2020,7
"Transboundary","Sockeye",2021,6
"Transboundary","Sockeye",2022,1
"Vancouver Island & Mainland Inlets","Chinook",1934,2
"Vancouver Island & Mainland Inlets","Chinook",1935,2
"Vancouver Island & Mainland Inlets","Chinook",1936,2
"Vancouver Island & Mainland Inlets","Chinook",1937,4
"Vancouver Island & Mainland Inlets","Chinook",1938,1
"Vancouver Island & Mainland Inlets","Chinook",1939,5
"Vancouver Island & Mainland Inlets","Chinook",1940,6
"Vancouver Island & Mainland Inlets","Chinook",1941,2
"Vancouver Island & Mainland Inlets","Chinook",1942,6
"Vancouver Island & Mainland Inlets","Chinook",1943,6
"Vancouver Island & Mainland Inlets","Chinook",1944,6
"Vancouver Island & Mainland Inlets","Chinook",1946,2
"Vancouver Island & Mainland Inlets","Chinook",1947,2
"Vancouver Island & Mainland Inlets","Chinook",1948,2
"Vancouver Island & Mainland Inlets","Chinook",1949,2
"Vancouver Island & Mainland Inlets","Chinook",1950,2
"Vancouver Island & Mainland Inlets","Chinook",1951,3
"Vancouver Island & Mainland Inlets","Chinook",1952,3
"Vancouver Island & Mainland Inlets","Chinook",1953,75
"Vancouver Island & Mainland Inlets","Chinook",1954,79
"Vancouver Island & Mainland Inlets","Chinook",1955,83
"Vancouver Island & Mainland Inlets","Chinook",1956,82
"Vancouver Island & Mainland Inlets","Chinook",1957,88
"Vancouver Island & Mainland Inlets","Chinook",1958,86
"Vancouver Island & Mainland Inlets","Chinook",1959,84
"Vancouver Island & Mainland Inlets","Chinook",1960,78
"Vancouver Island & Mainland Inlets","Chinook",1961,83
"Vancouver Island & Mainland Inlets","Chinook",1962,81
"Vancouver Island & Mainland Inlets","Chinook",1963,87
"Vancouver Island & Mainland Inlets","Chinook",1964,89
"Vancouver Island & Mainland Inlets","Chinook",1965,94
"Vancouver Island & Mainland Inlets","Chinook",1966,92
"Vancouver Island & Mainland Inlets","Chinook",1967,89
"Vancouver Island & Mainland Inlets","Chinook",1968,85
"Vancouver Island & Mainland Inlets","Chinook",1969,84
"Vancouver Island & Mainland Inlets","Chinook",1970,94
"Vancouver Island & Mainland Inlets","Chinook",1971,86
"Vancouver Island & Mainland Inlets","Chinook",1972,88
"Vancouver Island & Mainland Inlets","Chinook",1973,83
"Vancouver Island & Mainland Inlets","Chinook",1974,83
"Vancouver Island & Mainland Inlets","Chinook",1975,89
"Vancouver Island & Mainland Inlets","Chinook",1976,73
"Vancouver Island & Mainland Inlets","Chinook",1977,74
"Vancouver Island & Mainland Inlets","Chinook",1978,74
"Vancouver Island & Mainland Inlets","Chinook",1979,83
"Vancouver Island & Mainland Inlets","Chinook",1980,69
"Vancouver Island & Mainland Inlets","Chinook",1981,70
"Vancouver Island & Mainland Inlets","Chinook",1982,63
"Vancouver Island & Mainland Inlets","Chinook",1983,59
"Vancouver Island & Mainland Inlets","Chinook",1984,67
"Vancouver Island & Mainland Inlets","Chinook",1985,75
"Vancouver Island & Mainland Inlets","Chinook",1986,73
"Vancouver Island & Mainland Inlets","Chinook",1987,63
"Vancouver Island & Mainland Inlets","Chinook",1988,63
"Vancouver Island & Mainland Inlets","Chinook",1989,74
"Vancouver Island & Mainland Inlets","Chinook",1990,72
"Vancouver Island & Mainland Inlets","Chinook",1991,102
"Vancouver Island & Mainland Inlets","Chinook",1992,78
"Vancouver Island & Mainland Inlets","Chinook",1993,77
"Vancouver Island & Mainland Inlets","Chinook",1994,69
"Vancouver Island & Mainland Inlets","Chinook",1995,88
"Vancouver Island & Mainland Inlets","Chinook",1996,92
"Vancouver Island & Mainland Inlets","Chinook",1997,77
"Vancouver Island & Mainland Inlets","Chinook",1998,83
"Vancouver Island & Mainland Inlets","Chinook",1999,72
"Vancouver Island & Mainland Inlets","Chinook",2000,70
"Vancouver Island & Mainland Inlets","Chinook",2001,82
"Vancouver Island & Mainland Inlets","Chinook",2002,83
"Vancouver Island & Mainland Inlets","Chinook",2003,69
"Vancouver Island & Mainland Inlets","Chinook",2004,58
"Vancouver Island & Mainland Inlets","Chinook",2005,56
"Vancouver Island & Mainland Inlets","Chinook",2006,52
"Vancouver Island & Mainland Inlets","Chinook",2007,56
"Vancouver Island & Mainland Inlets","Chinook",2008,62
"Vancouver Island & Mainland Inlets","Chinook",2009,59
"Vancouver Island & Mainland Inlets","Chinook",2010,65
"Vancouver Island & Mainland Inlets","Chinook",2011,77
"Vancouver Island & Mainland Inlets","Chinook",2012,55
"Vancouver Island & Mainland Inlets","Chinook",2013,64
"Vancouver Island & Mainland Inlets","Chinook",2014,49
"Vancouver Island & Mainland Inlets","Chinook",2015,54
"Vancouver Island & Mainland Inlets","Chinook",2016,55
"Vancouver Island & Mainland Inlets","Chinook",2017,57
"Vancouver Island & Mainland Inlets","Chinook",2018,62
"Vancouver Island & Mainland Inlets","Chinook",2019,68
"Vancouver Island & Mainland Inlets","Chinook",2020,73
"Vancouver Island & Mainland Inlets","Chinook",2021,65
"Vancouver Island & Mainland Inlets","Chinook",2022,59
"Vancouver Island & Mainland Inlets","Chum",1934,14
"Vancouver Island & Mainland Inlets","Chum",1935,18
"Vancouver Island & Mainland Inlets","Chum",1936,17
"Vancouver Island & Mainland Inlets","Chum",1937,18
"Vancouver Island & Mainland Inlets","Chum",1938,5
"Vancouver Island & Mainland Inlets","Chum",1939,20
"Vancouver Island & Mainland Inlets","Chum",1940,22
"Vancouver Island & Mainland Inlets","Chum",1941,5
"Vancouver Island & Mainland Inlets","Chum",1942,20
"Vancouver Island & Mainland Inlets","Chum",1943,20
"Vancouver Island & Mainland Inlets","Chum",1944,15
"Vancouver Island & Mainland Inlets","Chum",1946,7
"Vancouver Island & Mainland Inlets","Chum",1947,7
"Vancouver Island & Mainland Inlets","Chum",1948,9
"Vancouver Island & Mainland Inlets","Chum",1949,10
"Vancouver Island & Mainland Inlets","Chum",1950,13
"Vancouver Island & Mainland Inlets","Chum",1951,11
"Vancouver Island & Mainland Inlets","Chum",1952,13
"Vancouver Island & Mainland Inlets","Chum",1953,320
"Vancouver Island & Mainland Inlets","Chum",1954,338
"Vancouver Island & Mainland Inlets","Chum",1955,340
"Vancouver Island & Mainland Inlets","Chum",1956,358
"Vancouver Island & Mainland Inlets","Chum",1957,353
"Vancouver Island & Mainland Inlets","Chum",1958,358
"Vancouver Island & Mainland Inlets","Chum",1959,327
"Vancouver Island & Mainland Inlets","Chum",1960,324
"Vancouver Island & Mainland Inlets","Chum",1961,325
"Vancouver Island & Mainland Inlets","Chum",1962,328
"Vancouver Island & Mainland Inlets","Chum",1963,323
"Vancouver Island & Mainland Inlets","Chum",1964,332
"Vancouver Island & Mainland Inlets","Chum",1965,320
"Vancouver Island & Mainland Inlets","Chum",1966,330
"Vancouver Island & Mainland Inlets","Chum",1967,315
"Vancouver Island & Mainland Inlets","Chum",1968,332
"Vancouver Island & Mainland Inlets","Chum",1969,318
"Vancouver Island & Mainland Inlets","Chum",1970,333
"Vancouver Island & Mainland Inlets","Chum",1971,317
"Vancouver Island & Mainland Inlets","Chum",1972,338
"Vancouver Island & Mainland Inlets","Chum",1973,337
"Vancouver Island & Mainland Inlets","Chum",1974,320
"Vancouver Island & Mainland Inlets","Chum",1975,316
"Vancouver Island & Mainland Inlets","Chum",1976,301
"Vancouver Island & Mainland Inlets","Chum",1977,316
"Vancouver Island & Mainland Inlets","Chum",1978,307
"Vancouver Island & Mainland Inlets","Chum",1979,312
"Vancouver Island & Mainland Inlets","Chum",1980,289
"Vancouver Island & Mainland Inlets","Chum",1981,289
"Vancouver Island & Mainland Inlets","Chum",1982,268
"Vancouver Island & Mainland Inlets","Chum",1983,255
"Vancouver Island & Mainland Inlets","Chum",1984,257
"Vancouver Island & Mainland Inlets","Chum",1985,339
"Vancouver Island & Mainland Inlets","Chum",1986,313
"Vancouver Island & Mainland Inlets","Chum",1987,279
"Vancouver Island & Mainland Inlets","Chum",1988,289
"Vancouver Island & Mainland Inlets","Chum",1989,272
"Vancouver Island & Mainland Inlets","Chum",1990,266
"Vancouver Island & Mainland Inlets","Chum",1991,284
"Vancouver Island & Mainland Inlets","Chum",1992,289
"Vancouver Island & Mainland Inlets","Chum",1993,288
"Vancouver Island & Mainland Inlets","Chum",1994,279
"Vancouver Island & Mainland Inlets","Chum",1995,243
"Vancouver Island & Mainland Inlets","Chum",1996,305
"Vancouver Island & Mainland Inlets","Chum",1997,266
"Vancouver Island & Mainland Inlets","Chum",1998,261
"Vancouver Island & Mainland Inlets","Chum",1999,207
"Vancouver Island & Mainland Inlets","Chum",2000,188
"Vancouver Island & Mainland Inlets","Chum",2001,231
"Vancouver Island & Mainland Inlets","Chum",2002,237
"Vancouver Island & Mainland Inlets","Chum",2003,180
"Vancouver Island & Mainland Inlets","Chum",2004,147
"Vancouver Island & Mainland Inlets","Chum",2005,125
"Vancouver Island & Mainland Inlets","Chum",2006,121
"Vancouver Island & Mainland Inlets","Chum",2007,117
"Vancouver Island & Mainland Inlets","Chum",2008,122
"Vancouver Island & Mainland Inlets","Chum",2009,138
"Vancouver Island & Mainland Inlets","Chum",2010,126
"Vancouver Island & Mainland Inlets","Chum",2011,146
"Vancouver Island & Mainland Inlets","Chum",2012,127
"Vancouver Island & Mainland Inlets","Chum",2013,117
"Vancouver Island & Mainland Inlets","Chum",2014,106
"Vancouver Island & Mainland Inlets","Chum",2015,100
"Vancouver Island & Mainland Inlets","Chum",2016,100
"Vancouver Island & Mainland Inlets","Chum",2017,96
"Vancouver Island & Mainland Inlets","Chum",2018,104
"Vancouver Island & Mainland Inlets","Chum",2019,106
"Vancouver Island & Mainland Inlets","Chum",2020,122
"Vancouver Island & Mainland Inlets","Chum",2021,104
"Vancouver Island & Mainland Inlets","Chum",2022,110
"Vancouver Island & Mainland Inlets","Coho",1934,17
"Vancouver Island & Mainland Inlets","Coho",1935,17
"Vancouver Island & Mainland Inlets","Coho",1936,17
"Vancouver Island & Mainland Inlets","Coho",1937,18
"Vancouver Island & Mainland Inlets","Coho",1938,4
"Vancouver Island & Mainland Inlets","Coho",1939,22
"Vancouver Island & Mainland Inlets","Coho",1940,16
"Vancouver Island & Mainland Inlets","Coho",1941,3
"Vancouver Island & Mainland Inlets","Coho",1942,15
"Vancouver Island & Mainland Inlets","Coho",1943,17
"Vancouver Island & Mainland Inlets","Coho",1944,14
"Vancouver Island & Mainland Inlets","Coho",1946,5
"Vancouver Island & Mainland Inlets","Coho",1947,6
"Vancouver Island & Mainland Inlets","Coho",1948,8
"Vancouver Island & Mainland Inlets","Coho",1949,9
"Vancouver Island & Mainland Inlets","Coho",1950,12
"Vancouver Island & Mainland Inlets","Coho",1951,10
"Vancouver Island & Mainland Inlets","Coho",1952,13
"Vancouver Island & Mainland Inlets","Coho",1953,301
"Vancouver Island & Mainland Inlets","Coho",1954,311
"Vancouver Island & Mainland Inlets","Coho",1955,296
"Vancouver Island & Mainland Inlets","Coho",1956,320
"Vancouver Island & Mainland Inlets","Coho",1957,325
"Vancouver Island & Mainland Inlets","Coho",1958,325
"Vancouver Island & Mainland Inlets","Coho",1959,311
"Vancouver Island & Mainland Inlets","Coho",1960,293
"Vancouver Island & Mainland Inlets","Coho",1961,299
"Vancouver Island & Mainland Inlets","Coho",1962,304
"Vancouver Island & Mainland Inlets","Coho",1963,296
"Vancouver Island & Mainland Inlets","Coho",1964,307
"Vancouver Island & Mainland Inlets","Coho",1965,316
"Vancouver Island & Mainland Inlets","Coho",1966,301
"Vancouver Island & Mainland Inlets","Coho",1967,285
"Vancouver Island & Mainland Inlets","Coho",1968,311
"Vancouver Island & Mainland Inlets","Coho",1969,262
"Vancouver Island & Mainland Inlets","Coho",1970,298
"Vancouver Island & Mainland Inlets","Coho",1971,302
"Vancouver Island & Mainland Inlets","Coho",1972,290
"Vancouver Island & Mainland Inlets","Coho",1973,293
"Vancouver Island & Mainland Inlets","Coho",1974,311
"Vancouver Island & Mainland Inlets","Coho",1975,299
"Vancouver Island & Mainland Inlets","Coho",1976,266
"Vancouver Island & Mainland Inlets","Coho",1977,293
"Vancouver Island & Mainland Inlets","Coho",1978,271
"Vancouver Island & Mainland Inlets","Coho",1979,287
"Vancouver Island & Mainland Inlets","Coho",1980,224
"Vancouver Island & Mainland Inlets","Coho",1981,210
"Vancouver Island & Mainland Inlets","Coho",1982,189
"Vancouver Island & Mainland Inlets","Coho",1983,181
"Vancouver Island & Mainland Inlets","Coho",1984,195
"Vancouver Island & Mainland Inlets","Coho",1985,262
"Vancouver Island & Mainland Inlets","Coho",1986,291
"Vancouver Island & Mainland Inlets","Coho",1987,228
"Vancouver Island & Mainland Inlets","Coho",1988,219
"Vancouver Island & Mainland Inlets","Coho",1989,230
"Vancouver Island & Mainland Inlets","Coho",1990,207
"Vancouver Island & Mainland Inlets","Coho",1991,246
"Vancouver Island & Mainland Inlets","Coho",1992,204
"Vancouver Island & Mainland Inlets","Coho",1993,212
"Vancouver Island & Mainland Inlets","Coho",1994,166
"Vancouver Island & Mainland Inlets","Coho",1995,225
"Vancouver Island & Mainland Inlets","Coho",1996,242
"Vancouver Island & Mainland Inlets","Coho",1997,230
"Vancouver Island & Mainland Inlets","Coho",1998,283
"Vancouver Island & Mainland Inlets","Coho",1999,218
"Vancouver Island & Mainland Inlets","Coho",2000,222
"Vancouver Island & Mainland Inlets","Coho",2001,244
"Vancouver Island & Mainland Inlets","Coho",2002,225
"Vancouver Island & Mainland Inlets","Coho",2003,171
"Vancouver Island & Mainland Inlets","Coho",2004,150
"Vancouver Island & Mainland Inlets","Coho",2005,104
"Vancouver Island & Mainland Inlets","Coho",2006,103
"Vancouver Island & Mainland Inlets","Coho",2007,112
"Vancouver Island & Mainland Inlets","Coho",2008,117
"Vancouver Island & Mainland Inlets","Coho",2009,133
"Vancouver Island & Mainland Inlets","Coho",2010,117
"Vancouver Island & Mainland Inlets","Coho",2011,132
"Vancouver Island & Mainland Inlets","Coho",2012,103
"Vancouver Island & Mainland Inlets","Coho",2013,118
"Vancouver Island & Mainland Inlets","Coho",2014,95
"Vancouver Island & Mainland Inlets","Coho",2015,86
"Vancouver Island & Mainland Inlets","Coho",2016,82
"Vancouver Island & Mainland Inlets","Coho",2017,90
"Vancouver Island & Mainland Inlets","Coho",2018,112
"Vancouver Island & Mainland Inlets","Coho",2019,108
"Vancouver Island & Mainland Inlets","Coho",2020,119
"Vancouver Island & Mainland Inlets","Coho",2021,107
"Vancouver Island & Mainland Inlets","Coho",2022,107
"Vancouver Island & Mainland Inlets","Pink",1934,13
"Vancouver Island & Mainland Inlets","Pink",1935,12
"Vancouver Island & Mainland Inlets","Pink",1936,15
"Vancouver Island & Mainland Inlets","Pink",1937,14
"Vancouver Island & Mainland Inlets","Pink",1938,4
"Vancouver Island & Mainland Inlets","Pink",1939,13
"Vancouver Island & Mainland Inlets","Pink",1940,14
"Vancouver Island & Mainland Inlets","Pink",1941,1
"Vancouver Island & Mainland Inlets","Pink",1942,12
"Vancouver Island & Mainland Inlets","Pink",1943,11
"Vancouver Island & Mainland Inlets","Pink",1944,8
"Vancouver Island & Mainland Inlets","Pink",1946,6
"Vancouver Island & Mainland Inlets","Pink",1947,4
"Vancouver Island & Mainland Inlets","Pink",1948,7
"Vancouver Island & Mainland Inlets","Pink",1949,5
"Vancouver Island & Mainland Inlets","Pink",1950,10
"Vancouver Island & Mainland Inlets","Pink",1951,6
"Vancouver Island & Mainland Inlets","Pink",1952,11
"Vancouver Island & Mainland Inlets","Pink",1953,89
"Vancouver Island & Mainland Inlets","Pink",1954,120
"Vancouver Island & Mainland Inlets","Pink",1955,92
"Vancouver Island & Mainland Inlets","Pink",1956,155
"Vancouver Island & Mainland Inlets","Pink",1957,92
"Vancouver Island & Mainland Inlets","Pink",1958,137
"Vancouver Island & Mainland Inlets","Pink",1959,88
"Vancouver Island & Mainland Inlets","Pink",1960,115
"Vancouver Island & Mainland Inlets","Pink",1961,88
"Vancouver Island & Mainland Inlets","Pink",1962,118
"Vancouver Island & Mainland Inlets","Pink",1963,72
"Vancouver Island & Mainland Inlets","Pink",1964,117
"Vancouver Island & Mainland Inlets","Pink",1965,85
"Vancouver Island & Mainland Inlets","Pink",1966,139
"Vancouver Island & Mainland Inlets","Pink",1967,67
"Vancouver Island & Mainland Inlets","Pink",1968,142
"Vancouver Island & Mainland Inlets","Pink",1969,64
"Vancouver Island & Mainland Inlets","Pink",1970,131
"Vancouver Island & Mainland Inlets","Pink",1971,63
"Vancouver Island & Mainland Inlets","Pink",1972,124
"Vancouver Island & Mainland Inlets","Pink",1973,65
"Vancouver Island & Mainland Inlets","Pink",1974,109
"Vancouver Island & Mainland Inlets","Pink",1975,76
"Vancouver Island & Mainland Inlets","Pink",1976,103
"Vancouver Island & Mainland Inlets","Pink",1977,62
"Vancouver Island & Mainland Inlets","Pink",1978,92
"Vancouver Island & Mainland Inlets","Pink",1979,73
"Vancouver Island & Mainland Inlets","Pink",1980,81
"Vancouver Island & Mainland Inlets","Pink",1981,68
"Vancouver Island & Mainland Inlets","Pink",1982,56
"Vancouver Island & Mainland Inlets","Pink",1983,81
"Vancouver Island & Mainland Inlets","Pink",1984,48
"Vancouver Island & Mainland Inlets","Pink",1985,64
"Vancouver Island & Mainland Inlets","Pink",1986,78
"Vancouver Island & Mainland Inlets","Pink",1987,58
"Vancouver Island & Mainland Inlets","Pink",1988,64
"Vancouver Island & Mainland Inlets","Pink",1989,59
"Vancouver Island & Mainland Inlets","Pink",1990,86
"Vancouver Island & Mainland Inlets","Pink",1991,71
"Vancouver Island & Mainland Inlets","Pink",1992,81
"Vancouver Island & Mainland Inlets","Pink",1993,62
"Vancouver Island & Mainland Inlets","Pink",1994,72
"Vancouver Island & Mainland Inlets","Pink",1995,63
"Vancouver Island & Mainland Inlets","Pink",1996,107
"Vancouver Island & Mainland Inlets","Pink",1997,91
"Vancouver Island & Mainland Inlets","Pink",1998,86
"Vancouver Island & Mainland Inlets","Pink",1999,59
"Vancouver Island & Mainland Inlets","Pink",2000,80
"Vancouver Island & Mainland Inlets","Pink",2001,70
"Vancouver Island & Mainland Inlets","Pink",2002,61
"Vancouver Island & Mainland Inlets","Pink",2003,48
"Vancouver Island & Mainland Inlets","Pink",2004,44
"Vancouver Island & Mainland Inlets","Pink",2005,38
"Vancouver Island & Mainland Inlets","Pink",2006,34
"Vancouver Island & Mainland Inlets","Pink",2007,40
"Vancouver Island & Mainland Inlets","Pink",2008,45
"Vancouver Island & Mainland Inlets","Pink",2009,51
"Vancouver Island & Mainland Inlets","Pink",2010,52
"Vancouver Island & Mainland Inlets","Pink",2011,60
"Vancouver Island & Mainland Inlets","Pink",2012,48
"Vancouver Island & Mainland Inlets","Pink",2013,62
"Vancouver Island & Mainland Inlets","Pink",2014,48
"Vancouver Island & Mainland Inlets","Pink",2015,59
"Vancouver Island & Mainland Inlets","Pink",2016,37
"Vancouver Island & Mainland Inlets","Pink",2017,46
"Vancouver Island & Mainland Inlets","Pink",2018,32
"Vancouver Island & Mainland Inlets","Pink",2019,42
"Vancouver Island & Mainland Inlets","Pink",2020,41
"Vancouver Island & Mainland Inlets","Pink",2021,51
"Vancouver Island & Mainland Inlets","Pink",2022,48
"Vancouver Island & Mainland Inlets","Sockeye",1934,2
"Vancouver Island & Mainland Inlets","Sockeye",1935,2
"Vancouver Island & Mainland Inlets","Sockeye",1936,2
"Vancouver Island & Mainland Inlets","Sockeye",1937,2
"Vancouver Island & Mainland Inlets","Sockeye",1938,1
"Vancouver Island & Mainland Inlets","Sockeye",1939,2
"Vancouver Island & Mainland Inlets","Sockeye",1940,2
"Vancouver Island & Mainland Inlets","Sockeye",1942,2
"Vancouver Island & Mainland Inlets","Sockeye",1943,2
"Vancouver Island & Mainland Inlets","Sockeye",1944,2
"Vancouver Island & Mainland Inlets","Sockeye",1946,1
"Vancouver Island & Mainland Inlets","Sockeye",1947,1
"Vancouver Island & Mainland Inlets","Sockeye",1948,1
"Vancouver Island & Mainland Inlets","Sockeye",1949,1
"Vancouver Island & Mainland Inlets","Sockeye",1950,2
"Vancouver Island & Mainland Inlets","Sockeye",1951,2
"Vancouver Island & Mainland Inlets","Sockeye",1952,2
"Vancouver Island & Mainland Inlets","Sockeye",1953,28
"Vancouver Island & Mainland Inlets","Sockeye",1954,33
"Vancouver Island & Mainland Inlets","Sockeye",1955,33
"Vancouver Island & Mainland Inlets","Sockeye",1956,34
"Vancouver Island & Mainland Inlets","Sockeye",1957,36
"Vancouver Island & Mainland Inlets","Sockeye",1958,38
"Vancouver Island & Mainland Inlets","Sockeye",1959,37
"Vancouver Island & Mainland Inlets","Sockeye",1960,36
"Vancouver Island & Mainland Inlets","Sockeye",1961,33
"Vancouver Island & Mainland Inlets","Sockeye",1962,36
"Vancouver Island & Mainland Inlets","Sockeye",1963,32
"Vancouver Island & Mainland Inlets","Sockeye",1964,37
"Vancouver Island & Mainland Inlets","Sockeye",1965,32
"Vancouver Island & Mainland Inlets","Sockeye",1966,30
"Vancouver Island & Mainland Inlets","Sockeye",1967,31
"Vancouver Island & Mainland Inlets","Sockeye",1968,33
"Vancouver Island & Mainland Inlets","Sockeye",1969,31
"Vancouver Island & Mainland Inlets","Sockeye",1970,32
"Vancouver Island & Mainland Inlets","Sockeye",1971,40
"Vancouver Island & Mainland Inlets","Sockeye",1972,32
"Vancouver Island & Mainland Inlets","Sockeye",1973,35
"Vancouver Island & Mainland Inlets","Sockeye",1974,38
"Vancouver Island & Mainland Inlets","Sockeye",1975,37
"Vancouver Island & Mainland Inlets","Sockeye",1976,46
"Vancouver Island & Mainland Inlets","Sockeye",1977,48
"Vancouver Island & Mainland Inlets","Sockeye",1978,60
"Vancouver Island & Mainland Inlets","Sockeye",1979,52
"Vancouver Island & Mainland Inlets","Sockeye",1980,42
"Vancouver Island & Mainland Inlets","Sockeye",1981,53
"Vancouver Island & Mainland Inlets","Sockeye",1982,43
"Vancouver Island & Mainland Inlets","Sockeye",1983,46
"Vancouver Island & Mainland Inlets","Sockeye",1984,28
"Vancouver Island & Mainland Inlets","Sockeye",1985,64
"Vancouver Island & Mainland Inlets","Sockeye",1986,43
"Vancouver Island & Mainland Inlets","Sockeye",1987,34
"Vancouver Island & Mainland Inlets","Sockeye",1988,38
"Vancouver Island & Mainland Inlets","Sockeye",1989,44
"Vancouver Island & Mainland Inlets","Sockeye",1990,54
"Vancouver Island & Mainland Inlets","Sockeye",1991,52
"Vancouver Island & Mainland Inlets","Sockeye",1992,49
"Vancouver Island & Mainland Inlets","Sockeye",1993,61
"Vancouver Island & Mainland Inlets","Sockeye",1994,41
"Vancouver Island & Mainland Inlets","Sockeye",1995,48
"Vancouver Island & Mainland Inlets","Sockeye",1996,58
"Vancouver Island & Mainland Inlets","Sockeye",1997,134
"Vancouver Island & Mainland Inlets","Sockeye",1998,71
"Vancouver Island & Mainland Inlets","Sockeye",1999,50
"Vancouver Island & Mainland Inlets","Sockeye",2000,53
"Vancouver Island & Mainland Inlets","Sockeye",2001,58
"Vancouver Island & Mainland Inlets","Sockeye",2002,48
"Vancouver Island & Mainland Inlets","Sockeye",2003,42
"Vancouver Island & Mainland Inlets","Sockeye",2004,36
"Vancouver Island & Mainland Inlets","Sockeye",2005,39
"Vancouver Island & Mainland Inlets","Sockeye",2006,43
"Vancouver Island & Mainland Inlets","Sockeye",2007,37
"Vancouver Island & Mainland Inlets","Sockeye",2008,37
"Vancouver Island & Mainland Inlets","Sockeye",2009,50
"Vancouver Island & Mainland Inlets","Sockeye",2010,51
"Vancouver Island & Mainland Inlets","Sockeye",2011,52
"Vancouver Island & Mainland Inlets","Sockeye",2012,35
"Vancouver Island & Mainland Inlets","Sockeye",2013,37
"Vancouver Island & Mainland Inlets","Sockeye",2014,41
"Vancouver Island & Mainland Inlets","Sockeye",2015,45
"Vancouver Island & Mainland Inlets","Sockeye",2016,43
"Vancouver Island & Mainland Inlets","Sockeye",2017,44
"Vancouver Island & Mainland Inlets","Sockeye",2018,43
"Vancouver Island & Mainland Inlets","Sockeye",2019,39
"Vancouver Island & Mainland Inlets","Sockeye",2020,43
"Vancouver Island & Mainland Inlets","Sockeye",2021,47
"Vancouver Island & Mainland Inlets","Sockeye",2022,52
"Yukon","Chinook",1955,1
"Yukon","Chinook",1956,2
"Yukon","Chinook",1958,3
"Yukon","Chinook",1959,4
"Yukon","Chinook",1960,2
"Yukon","Chinook",1961,1
"Yukon","Chinook",1962,1
"Yukon","Chinook",1963,2
"Yukon","Chinook",1964,1
"Yukon","Chinook",1965,1
"Yukon","Chinook",1966,3
"Yukon","Chinook",1967,2
"Yukon","Chinook",1968,13
"Yukon","Chinook",1969,8
"Yukon","Chinook",1970,7
"Yukon","Chinook",1971,9
"Yukon","Chinook",1972,28
"Yukon","Chinook",1973,14
"Yukon","Chinook",1974,11
"Yukon","Chinook",1975,9
"Yukon","Chinook",1976,6
"Yukon","Chinook",1977,11
"Yukon","Chinook",1978,7
"Yukon","Chinook",1979,8
"Yukon","Chinook",1980,10
"Yukon","Chinook",1981,23
"Yukon","Chinook",1982,20
"Yukon","Chinook",1983,20
"Yukon","Chinook",1984,9
"Yukon","Chinook",1985,9
"Yukon","Chinook",1986,9
"Yukon","Chinook",1987,9
"Yukon","Chinook",1988,9
"Yukon","Chinook",1989,9
"Yukon","Chinook",1990,9
"Yukon","Chinook",1991,7
"Yukon","Chinook",1992,9
"Yukon","Chinook",1993,10
"Yukon","Chinook",1994,14
"Yukon","Chinook",1995,13
"Yukon","Chinook",1996,12
"Yukon","Chinook",1997,14
"Yukon","Chinook",1998,15
"Yukon","Chinook",1999,11
"Yukon","Chinook",2000,4
"Yukon","Chinook",2001,6
"Yukon","Chinook",2002,5
"Yukon","Chinook",2003,6
"Yukon","Chinook",2004,6
"Yukon","Chinook",2005,6
"Yukon","Chinook",2006,6
"Yukon","Chinook",2007,2
"Yukon","Chinook",2008,2
"Yukon","Chum",1961,1
"Yukon","Chum",1964,1
"Yukon","Chum",1971,1
"Yukon","Chum",1972,4
"Yukon","Chum",1973,4
"Yukon","Chum",1974,3
"Yukon","Chum",1975,4
"Yukon","Chum",1976,2
"Yukon","Chum",1977,3
"Yukon","Chum",1978,1
"Yukon","Chum",1979,2
"Yukon","Chum",1980,5
"Yukon","Chum",1981,4
"Yukon","Chum",1982,4
"Yukon","Chum",1983,4
"Yukon","Chum",1984,6
"Yukon","Chum",1985,6
"Yukon","Chum",1986,6
"Yukon","Chum",1987,5
"Yukon","Chum",1988,5
"Yukon","Chum",1989,6
"Yukon","Chum",1990,6
"Yukon","Chum",1991,6
"Yukon","Chum",1992,6
"Yukon","Chum",1993,5
"Yukon","Chum",1994,6
"Yukon","Chum",1995,5
"Yukon","Chum",1996,5
"Yukon","Chum",1997,5
"Yukon","Chum",1998,6
"Yukon","Chum",1999,5
"Yukon","Chum",2002,5
"Yukon","Chum",2003,5
"Yukon","Chum",2004,5
"Yukon","Chum",2005,5
"Yukon","Chum",2006,3
"Yukon","Chum",2007,1
"Yukon","Chum",2008,1
